0,5443.856503,54.43958554
0.05,4950.056503,49.50168734
0.1,4037.056503,40.37194114
0.15,3173.923169,31.74098202
0.2,2548.689836,25.48907804
0.25,2105.423169,21.05687022
0.3,1778.023169,17.78335599
0.35,1568.489836,15.68843994
0.4,1403.889836,14.04285506
0.45,1276.456503,12.76891661
0.5,1171.189836,11.71664091
0.55,1068.656503,10.6917624
0.6,956.9898361,9.575701841
0.65,845.7231694,8.463798145
0.7,762.9898361,7.637176187
0.75,709.4565027,7.102391431
0.8,648.7231694,6.49578988
0.85,602.4565027,6.033779485
0.9,575.9231694,5.768869977
0.95,542.0231694,5.430471686
1,518.8565027,5.199261308
1.05,480.6231694,4.817776895
1.1,479.5565027,4.807135846
1.15,473.5565027,4.74728209
1.2,467.2231694,4.684107184
1.25,442.0565027,4.433114737
1.3,418.2231694,4.195494375
1.35,382.7565027,3.842052205
1.4,352.4565027,3.540292325
1.45,336.8898361,3.385348915
1.5,308.5898361,3.103849191
1.55,295.1898361,2.970659025
1.6,279.4898361,2.814705661
1.65,259.0898361,2.612252941
1.7,246.3565027,2.486013627
1.75,238.8231694,2.411381707
1.8,229.8565027,2.322608942
1.85,217.1231694,2.196669793
1.9,207.0898361,2.097553606
1.95,202.1231694,2.048533298
2,190.4231694,1.933186348
2.05,188.8565027,1.917756234
2.1,182.1565027,1.851812696
2.15,167.4565027,1.707418854
2.2,160.9898361,1.644044964
2.25,151.1898361,1.54820792
2.3,154.9898361,1.585337831
2.35,146.8231694,1.505594706
2.4,137.3231694,1.41310877
2.45,133.9565027,1.380415
2.5,127.5565027,1.318399503
2.55,122.0565027,1.265262857
2.6,120.7898361,1.253048108
2.65,115.0231694,1.19755754
2.7,114.7231694,1.194676387
2.75,106.4231694,1.115213078
2.8,104.6898361,1.098684344
2.85,96.15650273,1.017702517
2.9,95.48983607,1.011405947
2.95,95.55650273,1.012035391
3,90.15650273,0.961213093
3.05,88.28983607,0.943726987
3.1,85.05650273,0.91354911
3.15,81.15650273,0.877353352
3.2,83.15650273,0.895885878
3.25,79.15650273,0.858886665
3.3,77.48983607,0.843551172
3.35,76.98983607,0.838960426
3.4,74.25650273,0.813949587
3.45,69.38983607,0.769809097
3.5,67.25650273,0.750636281
3.55,64.98983607,0.730396461
3.6,62.45650273,0.707949564
3.65,61.9231694,0.70324889
3.7,65.08983607,0.731286392
3.75,62.08983607,0.704716883
3.8,58.65650273,0.674662614
3.85,55.15650273,0.644464965
3.9,56.9231694,0.659648264
3.95,54.35650273,0.637631594
4,54.7231694,0.640760203
4.05,56.38983607,0.655051504
4.1,54.0231694,0.634792403
4.15,51.05650273,0.60974401
4.2,50.98983607,0.609185891
4.25,46.4231694,0.571508685
4.3,46.95650273,0.575849308
4.35,43.18983607,0.545570623
4.4,42.9231694,0.543462012
4.45,44.75650273,0.558055163
4.5,44.95650273,0.559660455
4.55,44.35650273,0.554852273
4.6,43.08983607,0.544779321
4.65,42.7231694,0.54188378
4.7,38.8231694,0.511698113
4.75,38.7231694,0.510939816
4.8,38.3231694,0.507914995
4.85,34.78983607,0.481813637
4.9,39.08983607,0.513724284
4.95,36.3231694,0.492999366
5,33.18983607,0.470390936
5.05,35.08983607,0.483984267
5.1,34.9231694,0.482777265
5.15,33.9231694,0.47559358
5.2,31.6231694,0.459470995
5.25,31.55650273,0.459012415
5.3,33.1231694,0.469920787
5.35,33.08983607,0.469685891
5.4,32.4231694,0.465013228
5.45,29.8231694,0.447273132
5.5,28.58983607,0.439145743
5.55,24.28983607,0.412444814
5.6,28.8231694,0.440668379
5.65,28.68983607,0.439797431
5.7,29.68983607,0.446385201
5.75,26.65650273,0.426811463
5.8,22.6231694,0.402854677
5.85,24.55650273,0.414020886
5.9,24.9231694,0.416206137
5.95,27.05650273,0.429321028
6,27.78983607,0.433979965
6.05,22.1231694,0.400068211
6.1,23.4231694,0.407401028
6.15,23.48983607,0.407784687
6.2,21.98983607,0.399332443
6.25,25.45650273,0.419421583
6.3,25.9231694,0.422270272
6.35,22.8231694,0.403981209
6.4,24.85650273,0.415807268
6.45,24.75650273,0.415210253
6.5,18.4231694,0.380857491
6.55,23.18983607,0.406063986
6.6,24.15650273,0.411660993
6.65,22.05650273,0.39969994
6.7,21.5231694,0.396781795
6.75,23.0231694,0.405114483
6.8,19.68983607,0.387143482
6.85,20.3231694,0.390402654
6.9,18.7231694,0.382317693
6.95,19.58983607,0.386635848
7,19.75650273,0.387482969
7.05,18.68983607,0.382154561
7.1,17.98983607,0.378780321
7.15,17.78983607,0.377834538
7.2,20.15650273,0.389537638
7.25,19.78983607,0.387653031
7.3,18.9231694,0.383301115
7.35,18.18983607,0.379734282
7.4,17.9231694,0.378464148
7.45,20.28983607,0.390229235
7.5,19.68983607,0.387143482
7.55,16.9231694,0.373832151
7.6,16.08983607,0.370134291
7.65,15.95650273,0.369556638
7.7,17.05650273,0.374437631
7.75,16.78983607,0.373230452
7.8,15.5231694,0.367706391
7.85,18.05650273,0.379097402
7.9,15.25650273,0.366588596
7.95,16.65650273,0.372632553
8,16.48983607,0.371890549
8.05,17.18983607,0.375046874
8.1,14.38983607,0.363067279
8.15,14.48983607,0.36346478
8.2,17.5231694,0.376586322
8.25,15.18983607,0.366311647
8.3,14.75650273,0.364536073
8.35,17.65650273,0.377208589
8.4,16.05650273,0.369989512
8.45,15.08983607,0.365898109
8.5,12.4231694,0.355731113
8.55,14.08983607,0.361888739
8.6,14.05650273,0.361759088
8.65,13.4231694,0.359345598
8.7,11.18983607,0.351613928
8.75,12.18983607,0.35492298
8.8,9.823169399,0.347506226
8.85,14.35650273,0.362935295
8.9,14.25650273,0.362540892
8.95,11.4231694,0.352363436
9,12.6231694,0.356434498
9.05,13.5231694,0.359720339
9.1,10.35650273,0.349051323
9.15,12.85650273,0.357267515
9.2,12.3231694,0.355383119
9.25,12.15650273,0.354808634
9.3,10.98983607,0.350982565
9.35,11.78983607,0.353569137
9.4,12.15650273,0.354808634
9.45,11.18983607,0.351613928
9.5,11.7231694,0.353347394
9.55,10.05650273,0.348172997
9.6,11.68983607,0.353236943
9.65,10.75650273,0.35025897
9.7,8.689836066,0.344474144
9.75,10.48983607,0.349449248
9.8,10.38983607,0.349150369
9.85,11.48983607,0.352580125
9.9,14.25650273,0.362540892
9.95,11.15650273,0.351507989
10,8.756502732,0.344642924
10.05,10.45650273,0.349349332
10.1,11.68983607,0.353236943
10.15,10.95650273,0.350878336
10.2,10.68983607,0.350054811
10.25,11.35650273,0.352147876
10.3,13.38983607,0.359221216
10.35,8.856502732,0.344898355
10.4,9.289836066,0.346036438
10.45,8.989836066,0.345243141
10.5,8.356502732,0.343648403
10.55,10.8231694,0.350464279
10.6,10.35650273,0.349051323
10.65,9.789836066,0.347412147
10.7,10.18983607,0.34856045
10.75,7.323169399,0.341282862
10.8,8.823169399,0.34481291
10.85,9.556502732,0.346761857
10.9,10.05650273,0.348172997
10.95,8.723169399,0.344558383
11,6.956502732,0.34051491
11.05,10.0231694,0.348076864
11.1,10.58983607,0.349750731
11.15,8.756502732,0.344642924
11.2,7.823169399,0.34239058
11.25,9.689836066,0.34713168
11.3,10.8231694,0.350464279
11.35,7.823169399,0.34239058
11.4,10.98983607,0.350982565
11.45,10.6231694,0.349851803
11.5,8.156502732,0.343167546
11.55,10.08983607,0.348269422
11.6,7.423169399,0.341498837
11.65,9.589836066,0.346853869
11.7,5.323169399,0.337556994
11.75,8.956502732,0.345156494
11.8,7.456502732,0.341571448
11.85,7.356502732,0.341354543
11.9,6.823169399,0.340245022
11.95,7.389836066,0.341426535
12,6.623169399,0.339849597
12.05,8.123169399,0.343088471
12.1,7.456502732,0.341571448
12.15,8.089836066,0.343009702
12.2,7.823169399,0.34239058
12.25,8.523169399,0.344057485
12.3,11.7231694,0.353347394
12.35,7.156502732,0.340929119
12.4,7.489836066,0.34164437
12.45,5.956502732,0.338613502
12.5,9.856502732,0.347600598
12.55,8.389836066,0.343729612
12.6,10.25650273,0.348755926
12.65,4.123169399,0.335873732
12.7,7.723169399,0.342163478
12.75,5.623169399,0.338043066
12.8,9.123169399,0.345592727
12.85,6.156502732,0.338971037
12.9,6.689836066,0.339980149
12.95,8.989836066,0.345243141
13,9.989836066,0.347981025
13.05,7.789836066,0.342314571
13.1,7.956502732,0.342697687
13.15,6.856502732,0.340312025
13.2,5.156502732,0.337298181
13.25,4.556502732,0.336433177
13.3,7.089836066,0.340789801
13.35,8.489836066,0.343975061
13.4,6.289836066,0.339215735
13.45,7.556502732,0.341791142
13.5,4.189836066,0.335956223
13.55,7.123169399,0.340859304
13.6,5.923169399,0.338555025
13.65,7.123169399,0.340859304
13.7,8.189836066,0.343246927
13.75,6.656502732,0.339914716
13.8,8.456502732,0.343892941
13.85,6.256502732,0.339154086
13.9,3.956502732,0.335673208
13.95,8.089836066,0.343009702
14,6.156502732,0.338971037
14.05,3.823169399,0.335518663
14.1,6.089836066,0.338850589
14.15,8.389836066,0.343729612
14.2,6.889836066,0.34037934
14.25,6.823169399,0.340245022
14.3,5.356502732,0.33760972
14.35,4.156502732,0.335914815
14.4,5.456502732,0.337769823
14.45,3.089836066,0.334762333
14.5,4.456502732,0.336299201
14.55,6.123169399,0.338910654
14.6,4.156502732,0.335914815
14.65,7.323169399,0.341282862
14.7,6.356502732,0.339339983
14.75,6.556502732,0.339720302
14.8,7.289836066,0.341211492
14.85,6.256502732,0.339154086
14.9,7.823169399,0.34239058
14.95,6.723169399,0.340045897
15,4.423169399,0.336255192
15.05,4.823169399,0.336804702
15.1,8.489836066,0.343975061
15.15,5.089836066,0.337196907
15.2,7.189836066,0.340999245
15.25,6.989836066,0.340583164
15.3,4.356502732,0.336168146
15.35,4.423169399,0.336255192
15.4,8.689836066,0.344474144
15.45,5.856502732,0.338439025
15.5,4.856502732,0.336852598
15.55,7.556502732,0.341791142
15.6,2.889836066,0.334583661
15.65,4.889836066,0.336900817
15.7,7.023169399,0.340651731
15.75,5.089836066,0.337196907
15.8,4.256502732,0.336040016
15.85,3.889836066,0.335595282
15.9,4.923169399,0.336949359
15.95,5.556502732,0.337932809
16,3.756502732,0.335443352
16.05,4.889836066,0.336900817
16.1,4.723169399,0.336662953
16.15,4.356502732,0.336168146
16.2,5.556502732,0.337932809
16.25,5.723169399,0.338210848
16.3,7.723169399,0.342163478
16.35,4.956502732,0.336998224
16.4,5.956502732,0.338613502
16.45,3.789836066,0.335480844
16.5,6.189836066,0.339031736
16.55,5.223169399,0.337400742
16.6,4.256502732,0.336040016
16.65,5.189836066,0.337349301
16.7,5.723169399,0.338210848
16.75,6.723169399,0.340045897
16.8,4.823169399,0.336804702
16.85,5.656502732,0.338098674
16.9,4.756502732,0.336709879
16.95,5.789836066,0.338324299
17,6.256502732,0.339154086
17.05,5.256502732,0.337452505
17.1,4.823169399,0.336804702
17.15,4.589836066,0.336478485
17.2,4.389836066,0.336211507
17.25,4.089836066,0.335832975
17.3,4.323169399,0.336125111
17.35,4.523169399,0.336388194
17.4,4.456502732,0.336299201
17.45,6.523169399,0.339656128
17.5,2.856502732,0.334555036
17.55,5.323169399,0.337556994
17.6,3.323169399,0.334985756
17.65,6.623169399,0.339849597
17.7,4.623169399,0.336524116
17.75,2.789836066,0.334498774
17.8,3.289836066,0.334952852
17.85,3.256502732,0.334920277
17.9,3.023169399,0.334701459
17.95,3.756502732,0.335443352
18,3.823169399,0.335518663
18.05,2.623169399,0.334363893
18.1,2.789836066,0.334498774
18.15,2.789836066,0.334498774
18.2,3.956502732,0.335673208
18.25,5.523169399,0.33787816
18.3,5.423169399,0.337716135
18.35,3.856502732,0.33555681
18.4,4.689836066,0.33661635
18.45,3.589836066,0.335260799
18.5,5.389836066,0.337662767
18.55,1.489836066,0.333666109
18.6,6.456502732,0.339528723
18.65,4.589836066,0.336478485
18.7,5.689836066,0.338154602
18.75,4.056502732,0.335792544
18.8,4.423169399,0.336255192
18.85,3.323169399,0.334985756
18.9,1.856502732,0.333849923
18.95,3.656502732,0.335332838
19,5.489836066,0.337823831
19.05,4.023169399,0.335752439
19.1,5.189836066,0.337349301
19.15,5.856502732,0.338439025
19.2,4.689836066,0.33661635
19.25,3.756502732,0.335443352
19.3,3.289836066,0.334952852
19.35,4.623169399,0.336524116
19.4,3.589836066,0.335260799
19.45,1.989836066,0.333926722
19.5,2.223169399,0.334073883
19.55,4.789836066,0.336757129
19.6,4.623169399,0.336524116
19.65,2.689836066,0.334416855
19.7,2.656502732,0.334390209
19.75,1.923169399,0.333887659
19.8,3.723169399,0.335406187
19.85,6.189836066,0.339031736
19.9,4.323169399,0.336125111
19.95,2.689836066,0.334416855
20,2.889836066,0.334583661
0,27522.77967,275.2350633
0.05,24483.37967,244.8419654
0.1,19662.97967,196.6399679
0.15,15610.97967,156.1226077
0.2,12544.77967,125.4637386
0.25,10456.77967,104.5869213
0.3,8714.779672,87.17074322
0.35,7665.379672,76.67988362
0.4,6747.379672,67.50343135
0.45,6091.379672,60.94662116
0.5,5461.779672,54.65440256
0.55,4979.979672,49.83994135
0.6,4472.779672,44.77248932
0.65,3960.179672,39.65226732
0.7,3644.379672,36.49863449
0.75,3395.979672,34.01863891
0.8,3116.379672,31.22790781
0.85,2936.579672,29.43382437
0.9,2746.579672,27.53851829
0.95,2613.379672,26.21021425
1,2459.579672,24.67697746
1.05,2384.979672,23.93350797
1.1,2292.379672,23.01087691
1.15,2299.779672,23.08459777
1.2,2205.979672,22.15027384
1.25,2130.179672,21.39547951
1.3,1977.579672,19.87667316
1.35,1848.379672,18.59168473
1.4,1693.979672,17.0574533
1.45,1558.179672,15.70962727
1.5,1514.779672,15.27925867
1.55,1396.179672,14.10431734
1.6,1299.179672,13.14483861
1.65,1250.979672,12.66866268
1.7,1202.579672,12.19097153
1.75,1123.179672,11.40847306
1.8,1079.979672,10.98342429
1.85,1023.779672,10.43132215
1.9,1005.779672,10.25471964
1.95,935.3796721,9.565224153
2,907.5796721,9.293550781
2.05,843.7796721,8.671586562
2.1,842.7796721,8.661856474
2.15,798.9796721,8.236312989
2.2,782.1796721,8.073444367
2.25,737.9796721,7.64600547
2.3,720.1796721,7.474347866
2.35,653.1796721,6.831132293
2.4,665.1796721,6.945962829
2.45,637.5796721,6.682124201
2.5,605.7796721,6.379412286
2.55,577.9796721,6.116048572
2.6,568.5796721,6.027294945
2.65,541.3796721,5.771411867
2.7,536.9796721,5.730158534
2.75,514.1796721,5.5170711
2.8,489.3796721,5.286704678
2.85,468.3796721,5.092931545
2.9,472.5796721,5.131584029
2.95,448.1796721,4.907800103
3,424.3796721,4.691461458
3.05,422.1796721,4.671570138
3.1,413.9796721,4.597599036
3.15,393.9796721,4.418370537
3.2,379.9796721,4.294002227
3.25,368.5796721,4.193458891
3.3,364.9796721,4.161852485
3.35,340.1796721,3.946165345
3.4,353.9796721,4.065730049
3.45,341.9796721,3.961692771
3.5,332.7796721,3.882554703
3.55,315.1796721,3.732803581
3.6,324.3796721,3.810802694
3.65,298.7796721,3.595403906
3.7,279.3796721,3.435884183
3.75,294.1796721,3.557269732
3.8,289.3796721,3.517678135
3.85,257.3796721,3.2595137
3.9,249.9796721,3.201403387
3.95,256.3796721,3.25162323
4,253.3796721,3.228021968
4.05,238.3796721,3.111669457
4.1,232.9796721,3.070497152
4.15,232.5796721,3.067463185
4.2,233.1796721,3.072014966
4.25,217.3796721,2.953877483
4.3,210.7796721,2.905650877
4.35,205.7796721,2.869586616
4.4,205.7796721,2.869586616
4.45,215.5796721,2.940656305
4.5,207.1796721,2.879642626
4.55,195.9796721,2.800143423
4.6,189.9796721,2.758482841
4.65,192.1796721,2.773680342
4.7,197.1796721,2.8085552
4.75,188.9796721,2.751605286
4.8,176.3796721,2.666641872
4.85,183.9796721,2.717508413
4.9,175.1796721,2.658719946
4.95,170.7796721,2.629937193
5,169.9796721,2.624749301
5.05,169.5796721,2.622160659
5.1,159.9796721,2.561122713
5.15,154.7796721,2.528967119
5.2,148.5796721,2.491503943
5.25,153.1796721,2.519206461
5.3,138.1796721,2.43091797
5.35,152.3796721,2.514350104
5.4,141.5796721,2.450404121
5.45,146.3796721,2.478447264
5.5,140.3796721,2.44349038
5.55,141.9796721,2.452717417
5.6,127.7796721,2.373344573
5.65,128.1796721,2.375500544
5.7,128.7796721,2.378743449
5.75,142.1796721,2.453875693
5.8,132.7796721,2.400634111
5.85,122.7796721,2.3468031
5.9,117.7796721,2.321035354
5.95,125.7796721,2.362636788
6,120.9796721,2.337436225
6.05,121.3796721,2.339509026
6.1,119.5796721,2.330220976
6.15,113.1796721,2.298034773
6.2,118.3796721,2.324085772
6.25,109.7796721,2.281481458
6.3,116.9796721,2.316986053
6.35,119.3796721,2.329195271
6.4,103.1796721,2.250467612
6.45,105.5796721,2.261571736
6.5,103.7796721,2.253224808
6.55,106.3796721,2.26531752
6.6,107.3796721,2.270030704
6.65,105.9796721,2.263441868
6.7,98.17967213,2.227986715
6.75,97.97967213,2.227106108
6.8,98.17967213,2.227986715
6.85,93.77967213,2.208950586
6.9,99.57967213,2.234191377
6.95,96.17967213,2.219246028
7,99.77967213,2.23508351
7.05,90.97967213,2.197209611
7.1,90.97967213,2.197209611
7.15,80.97967213,2.157723506
7.2,87.37967213,2.182549131
7.25,83.57967213,2.167615316
7.3,86.57967213,2.179358613
7.35,86.37967213,2.178564843
7.4,88.17967213,2.185764273
7.45,82.17967213,2.162255732
7.5,76.97967213,2.143032196
7.55,78.37967213,2.148100859
7.6,81.37967213,2.159227895
7.65,88.57967213,2.187381044
7.7,83.37967213,2.166844935
7.75,78.57967213,2.148831424
7.8,75.17967213,2.13663247
7.85,79.77967213,2.153248617
7.9,78.97967213,2.150297389
7.95,79.57967213,2.152508402
8,72.57967213,2.127623294
8.05,76.57967213,2.141598613
8.1,78.17967213,2.147371909
8.15,73.17967213,2.129677544
8.2,67.17967213,2.109812986
8.25,77.57967213,2.145194759
8.3,71.17967213,2.122888262
8.35,61.57967213,2.092655156
8.4,83.97967213,2.16916079
8.45,70.17967213,2.119556236
8.5,69.57967213,2.117577172
8.55,61.77967213,2.09324456
8.6,61.97967213,2.093835709
8.65,62.77967213,2.096217718
8.7,53.17967213,2.069494565
8.75,59.77967213,2.087429261
8.8,65.57967213,2.10477299
8.85,53.37967213,2.070009406
8.9,64.17967213,2.100453054
8.95,60.77967213,2.090315013
9,53.17967213,2.069494565
9.05,68.57967213,2.114312452
9.1,61.17967213,2.091481587
9.15,57.77967213,2.081789867
9.2,55.77967213,2.076327812
9.25,53.37967213,2.070009406
9.3,63.17967213,2.097419151
9.35,56.77967213,2.079036584
9.4,52.77967213,2.068470299
9.45,62.37967213,2.095023234
9.5,49.97967213,2.06150352
9.55,58.17967213,2.082903604
9.6,53.77967213,2.071044498
9.65,51.37967213,2.064942389
9.7,47.77967213,2.056280552
9.75,59.57967213,2.086857382
9.8,58.37967213,2.083463129
9.85,45.97967213,2.052172757
9.9,47.97967213,2.056746191
9.95,51.77967213,2.065941297
10,52.57967213,2.067960878
10.05,45.37967213,2.050836772
10.1,51.77967213,2.065941297
10.15,53.97967213,2.071564747
10.2,53.37967213,2.070009406
10.25,51.17967213,2.06444566
10.3,49.77967213,2.061019548
10.35,50.57967213,2.062966389
10.4,44.97967213,2.049955387
10.45,54.77967213,2.073663726
10.5,45.97967213,2.052172757
10.55,41.37967213,2.042358374
10.6,43.37967213,2.046504238
10.65,55.37967213,2.075256805
10.7,50.77967213,2.063457659
10.75,41.57967213,2.042764527
10.8,48.97967213,2.059101947
10.85,50.17967213,2.061989318
10.9,45.57967213,2.051280247
10.95,40.17967213,2.039960932
11,46.37967213,2.053072673
11.05,45.37967213,2.050836772
11.1,43.57967213,2.04692911
11.15,43.17967213,2.046081232
11.2,36.57967213,2.033176638
11.25,49.17967213,2.059578601
11.3,41.97967213,2.043582464
11.35,45.17967213,2.050395152
11.4,40.77967213,2.041151186
11.45,33.77967213,2.028326065
11.5,38.97967213,2.037631342
11.55,44.37967213,2.048647244
11.6,39.97967213,2.039567949
11.65,41.97967213,2.043582464
11.7,37.37967213,2.034631168
11.75,48.37967213,2.057682985
11.8,39.57967213,2.038787641
11.85,41.97967213,2.043582464
11.9,35.37967213,2.031051974
11.95,38.17967213,2.036116091
12,39.77967213,2.039176851
12.05,36.97967213,2.0339001
12.1,42.17967213,2.043994245
12.15,38.37967213,2.036492063
12.2,40.17967213,2.039960932
12.25,34.77967213,2.030015409
12.3,37.77967213,2.035369834
12.35,37.57967213,2.034999552
12.4,41.77967213,2.043172558
12.45,31.97967213,2.025406118
12.5,30.77967213,2.023546101
12.55,41.77967213,2.043172558
12.6,31.57967213,2.0247784
12.65,30.57967213,2.023242851
12.7,39.17967213,2.038014885
12.75,33.37967213,2.027663742
12.8,39.17967213,2.038014885
12.85,27.77967213,2.019200589
12.9,34.77967213,2.030015409
12.95,34.57967213,2.029673711
13,42.37967213,2.0444079
13.05,38.17967213,2.036116091
13.1,35.77967213,2.031752567
13.15,36.17967213,2.032460791
13.2,35.37967213,2.031051974
13.25,37.97967213,2.035742014
13.3,32.97967213,2.027009097
13.35,24.17967213,2.014563391
13.4,34.57967213,2.029673711
13.45,27.57967213,2.018926406
13.5,33.57967213,2.027993944
13.55,33.57967213,2.027993944
13.6,26.77967213,2.017849123
13.65,33.57967213,2.027993944
13.7,33.37967213,2.027663742
13.75,28.57967213,2.020316749
13.8,35.37967213,2.031051974
13.85,20.37967213,2.010356462
13.9,25.37967213,2.016038882
13.95,27.57967213,2.018926406
14,33.97967213,2.028660103
14.05,26.97967213,2.018115525
14.1,30.17967213,2.022642149
14.15,32.37967213,2.026041539
14.2,17.77967213,2.007887366
14.25,23.57967213,2.013852054
14.3,30.37967213,2.022941533
14.35,26.97967213,2.018115525
14.4,29.97967213,2.022344697
14.45,30.57967213,2.023242851
14.5,30.17967213,2.022642149
14.55,28.77967213,2.020600642
14.6,26.17967213,2.017061606
14.65,25.77967213,2.016546342
14.7,29.57967213,2.021755599
14.75,28.37967213,2.020034796
14.8,29.77967213,2.02204918
14.85,26.77967213,2.017849123
14.9,22.97967213,2.013158348
14.95,24.77967213,2.01529234
15,25.57967213,2.016291636
15.05,29.77967213,2.02204918
15.1,35.37967213,2.031051974
15.15,23.57967213,2.013852054
15.2,33.17967213,2.027335459
15.25,35.77967213,2.031752567
15.3,22.77967213,2.012931034
15.35,19.37967213,2.009367355
15.4,31.17967213,2.024158392
15.45,29.97967213,2.022344697
15.5,19.97967213,2.009954907
15.55,31.37967213,2.024467432
15.6,24.37967213,2.014804418
15.65,29.77967213,2.02204918
15.7,24.97967213,2.015539234
15.75,22.17967213,2.012260864
15.8,23.77967213,2.014087208
15.85,25.97967213,2.016802999
15.9,24.77967213,2.01529234
15.95,23.57967213,2.013852054
16,22.37967213,2.012482291
16.05,29.57967213,2.021755599
16.1,19.97967213,2.009954907
16.15,19.57967213,2.009561235
16.2,20.37967213,2.010356462
16.25,20.17967213,2.0101547
16.3,18.77967213,2.008797553
16.35,17.97967213,2.008065452
16.4,29.97967213,2.022344697
16.45,28.37967213,2.020034796
16.5,26.17967213,2.017061606
16.55,19.37967213,2.009367355
16.6,16.57967213,2.006860372
16.65,15.17967213,2.005752289
16.7,16.57967213,2.006860372
16.75,22.37967213,2.012482291
16.8,24.17967213,2.014563391
16.85,21.37967213,2.011394799
16.9,21.37967213,2.011394799
16.95,23.37967213,2.013618858
17,19.17967213,2.009175448
17.05,21.77967213,2.011823902
17.1,23.37967213,2.013618858
17.15,19.37967213,2.009367355
17.2,17.97967213,2.008065452
17.25,19.97967213,2.009954907
17.3,20.57967213,2.010560193
17.35,28.77967213,2.020600642
17.4,17.77967213,2.007887366
17.45,26.57967213,2.017584669
17.5,22.37967213,2.012482291
17.55,21.77967213,2.011823902
17.6,21.17967213,2.011183197
17.65,21.57967213,2.011608368
17.7,22.37967213,2.012482291
17.75,26.77967213,2.017849123
17.8,13.57967213,2.004604886
17.85,16.17967213,2.006533872
17.9,21.17967213,2.011183197
17.95,16.57967213,2.006860372
18,29.77967213,2.02204918
18.05,19.97967213,2.009954907
18.1,27.37967213,2.018654167
18.15,18.17967213,2.008245515
18.2,21.37967213,2.011394799
18.25,21.37967213,2.011394799
18.3,20.37967213,2.010356462
18.35,16.97967213,2.00719479
18.4,12.57967213,2.003952299
18.45,16.57967213,2.006860372
18.5,14.57967213,2.00530713
18.55,20.37967213,2.010356462
18.6,18.77967213,2.008797553
18.65,18.57967213,2.008611566
18.7,16.17967213,2.006533872
18.75,14.97967213,2.005601919
18.8,13.57967213,2.004604886
18.85,15.17967213,2.005752289
18.9,17.57967213,2.007711256
18.95,17.77967213,2.007887366
19,16.97967213,2.00719479
19.05,17.97967213,2.008065452
19.1,15.77967213,2.006215294
19.15,20.17967213,2.0101547
19.2,21.77967213,2.011823902
19.25,17.97967213,2.008065452
19.3,21.37967213,2.011394799
19.35,10.97967213,2.003011563
19.4,20.57967213,2.010560193
19.45,16.37967213,2.006696132
19.5,17.57967213,2.007711256
19.55,16.37967213,2.006696132
19.6,11.57967213,2.003349416
19.65,14.17967213,2.005020277
19.7,12.37967213,2.003827744
19.75,16.57967213,2.006860372
19.8,16.17967213,2.006533872
19.85,15.17967213,2.005752289
19.9,22.37967213,2.012482291
19.95,14.57967213,2.00530713
20,13.77967213,2.004741364
20.05,18.37967213,2.008427553
20.1,16.37967213,2.006696132
20.15,6.179672131,2.000954481
20.2,15.17967213,2.005752289
20.25,13.37967213,2.004470395
20.3,16.57967213,2.006860372
20.35,18.77967213,2.008797553
20.4,19.57967213,2.009561235
20.45,9.779672131,2.002389622
20.5,18.57967213,2.008611566
20.55,14.17967213,2.005020277
20.6,21.57967213,2.011608368
20.65,16.37967213,2.006696132
20.7,21.37967213,2.011394799
20.75,7.579672131,2.00143577
20.8,13.37967213,2.004470395
20.85,14.77967213,2.005453532
20.9,20.37967213,2.010356462
20.95,22.97967213,2.013158348
21,16.57967213,2.006860372
21.05,16.57967213,2.006860372
21.1,16.17967213,2.006533872
21.15,14.17967213,2.005020277
21.2,21.37967213,2.011394799
21.25,12.77967213,2.004078841
21.3,15.57967213,2.006058977
21.35,15.97967213,2.006373592
21.4,16.37967213,2.006696132
21.45,2.579672131,2.000166361
21.5,13.77967213,2.004741364
21.55,17.57967213,2.007711256
21.6,12.37967213,2.003827744
21.65,12.77967213,2.004078841
21.7,19.57967213,2.009561235
21.75,11.77967213,2.003466014
21.8,13.97967213,2.004879828
21.85,15.57967213,2.006058977
21.9,12.37967213,2.003827744
21.95,11.97967213,2.003584601
22,12.97967213,2.004207372
22.05,14.97967213,2.005601919
22.1,14.97967213,2.005601919
22.15,10.57967213,2.002796282
22.2,16.77967213,2.007026592
22.25,12.77967213,2.004078841
22.3,10.77967213,2.002902927
22.35,8.179672131,2.001671977
22.4,16.97967213,2.00719479
22.45,13.57967213,2.004604886
22.5,13.97967213,2.004879828
22.55,14.37967213,2.005162711
22.6,15.17967213,2.005752289
22.65,12.97967213,2.004207372
22.7,15.17967213,2.005752289
22.75,12.97967213,2.004207372
22.8,12.17967213,2.003705178
22.85,16.77967213,2.007026592
22.9,10.17967213,2.002588967
22.95,13.37967213,2.004470395
23,17.37967213,2.007537123
23.05,9.579672131,2.002292939
23.1,14.37967213,2.005162711
23.15,9.179672131,2.002105551
23.2,6.379672131,2.001017247
23.25,14.57967213,2.00530713
23.3,11.37967213,2.003234807
23.35,5.779672131,2.000834941
23.4,13.57967213,2.004604886
23.45,9.379672131,2.002198248
23.5,7.379672131,2.001361026
23.55,11.77967213,2.003466014
23.6,15.57967213,2.006058977
23.65,13.77967213,2.004741364
23.7,15.37967213,2.005904642
23.75,8.979672131,2.002014848
23.8,12.37967213,2.003827744
23.85,7.979672131,2.001591246
23.9,11.57967213,2.003349416
23.95,6.979672131,2.001217525
24,9.179672131,2.002105551
24.05,12.77967213,2.004078841
24.1,12.97967213,2.004207372
24.15,9.579672131,2.002292939
24.2,15.97967213,2.006373592
24.25,8.179672131,2.001671977
24.3,10.77967213,2.002902927
24.35,12.37967213,2.003827744
24.4,8.979672131,2.002014848
24.45,8.979672131,2.002014848
24.5,15.77967213,2.006215294
24.55,8.779672131,2.001926139
24.6,8.179672131,2.001671977
24.65,6.379672131,2.001017247
24.7,11.37967213,2.003234807
24.75,8.179672131,2.001671977
24.8,10.97967213,2.003011563
24.85,12.37967213,2.003827744
24.9,8.579672131,2.001839423
24.95,11.97967213,2.003584601
25,12.97967213,2.004207372
25.05,10.17967213,2.002588967
25.1,13.77967213,2.004741364
25.15,14.17967213,2.005020277
25.2,11.57967213,2.003349416
25.25,14.77967213,2.005453532
25.3,9.179672131,2.002105551
25.35,10.37967213,2.002691629
25.4,10.57967213,2.002796282
25.45,9.579672131,2.002292939
25.5,10.77967213,2.002902927
25.55,6.179672131,2.000954481
25.6,11.37967213,2.003234807
25.65,14.37967213,2.005162711
25.7,9.779672131,2.002389622
25.75,15.57967213,2.006058977
25.8,10.37967213,2.002691629
25.85,7.779672131,2.001512511
25.9,13.17967213,2.00433789
25.95,9.979672131,2.002488298
26,13.37967213,2.004470395
26.05,8.979672131,2.002014848
26.1,11.97967213,2.003584601
26.15,7.979672131,2.001591246
26.2,11.77967213,2.003466014
26.25,14.17967213,2.005020277
26.3,4.579672131,2.000524266
26.35,10.37967213,2.002691629
26.4,10.97967213,2.003011563
26.45,13.37967213,2.004470395
26.5,7.779672131,2.001512511
26.55,12.57967213,2.003952299
26.6,5.379672131,2.000723391
26.65,6.779672131,2.001148769
26.7,7.579672131,2.00143577
26.75,8.979672131,2.002014848
26.8,12.37967213,2.003827744
26.85,16.77967213,2.007026592
26.9,13.17967213,2.00433789
26.95,10.17967213,2.002588967
27,10.57967213,2.002796282
27.05,12.57967213,2.003952299
27.1,8.979672131,2.002014848
27.15,6.379672131,2.001017247
27.2,10.57967213,2.002796282
27.25,9.979672131,2.002488298
27.3,11.97967213,2.003584601
27.35,9.779672131,2.002389622
27.4,12.37967213,2.003827744
27.45,11.57967213,2.003349416
27.5,5.779672131,2.000834941
27.55,6.979672131,2.001217525
27.6,12.57967213,2.003952299
27.65,13.97967213,2.004879828
27.7,6.779672131,2.001148769
27.75,9.779672131,2.002389622
27.8,9.979672131,2.002488298
27.85,8.179672131,2.001671977
27.9,9.179672131,2.002105551
27.95,8.179672131,2.001671977
28,1.779672131,2.000079179
28.05,7.179672131,2.001288277
28.1,5.779672131,2.000834941
28.15,13.97967213,2.004879828
28.2,8.579672131,2.001839423
28.25,7.379672131,2.001361026
28.3,12.57967213,2.003952299
28.35,6.579672131,2.001082009
28.4,5.779672131,2.000834941
28.45,10.97967213,2.003011563
28.5,9.579672131,2.002292939
28.55,10.37967213,2.002691629
28.6,5.779672131,2.000834941
28.65,2.179672131,2.000118771
28.7,12.37967213,2.003827744
28.75,5.179672131,2.000670613
28.8,5.979672131,2.000893712
28.85,8.179672131,2.001671977
28.9,8.179672131,2.001671977
28.95,5.179672131,2.000670613
29,10.37967213,2.002691629
29.05,4.779672131,2.00057105
29.1,1.979672131,2.000097975
29.15,5.779672131,2.000834941
29.2,9.179672131,2.002105551
29.25,7.779672131,2.001512511
29.3,14.57967213,2.00530713
29.35,3.979672131,2.000395906
29.4,6.779672131,2.001148769
29.45,5.179672131,2.000670613
29.5,5.179672131,2.000670613
29.55,11.57967213,2.003349416
29.6,4.179672131,2.000436694
29.65,8.579672131,2.001839423
29.7,7.579672131,2.00143577
29.75,13.77967213,2.004741364
29.8,3.379672131,2.000285534
29.85,10.57967213,2.002796282
29.9,10.77967213,2.002902927
29.95,3.179672131,2.000252742
30,8.379672131,2.001754703
30.05,4.379672131,2.000479481
30.1,8.179672131,2.001671977
30.15,7.179672131,2.001288277
30.2,7.979672131,2.001591246
30.25,4.979672131,2.000619832
30.3,8.379672131,2.001754703
30.35,5.379672131,2.000723391
30.4,5.579672131,2.000778167
30.45,0.420327869,2.000004417
30.5,1.420327869,2.000050433
30.55,10.57967213,2.002796282
30.6,2.379672131,2.000141566
30.65,5.579672131,2.000778167
30.7,7.379672131,2.001361026
30.75,9.979672131,2.002488298
30.8,15.77967213,2.006215294
30.85,4.179672131,2.000436694
30.9,8.179672131,2.001671977
30.95,5.579672131,2.000778167
31,8.979672131,2.002014848
31.05,6.179672131,2.000954481
31.1,5.579672131,2.000778167
31.15,6.379672131,2.001017247
31.2,5.179672131,2.000670613
31.25,5.579672131,2.000778167
31.3,10.37967213,2.002691629
31.35,1.579672131,2.000062383
31.4,8.579672131,2.001839423
31.45,9.379672131,2.002198248
31.5,5.779672131,2.000834941
31.55,3.979672131,2.000395906
31.6,7.779672131,2.001512511
31.65,5.779672131,2.000834941
31.7,7.579672131,2.00143577
31.75,4.379672131,2.000479481
31.8,7.779672131,2.001512511
31.85,3.379672131,2.000285534
31.9,8.179672131,2.001671977
31.95,5.379672131,2.000723391
32,6.979672131,2.001217525
32.05,6.979672131,2.001217525
32.1,4.979672131,2.000619832
32.15,2.779672131,2.000193155
32.2,5.179672131,2.000670613
32.25,2.379672131,2.000141566
32.3,5.179672131,2.000670613
32.35,10.17967213,2.002588967
32.4,5.379672131,2.000723391
32.45,6.779672131,2.001148769
32.5,6.779672131,2.001148769
32.55,14.77967213,2.005453532
32.6,1.579672131,2.000062383
32.65,10.37967213,2.002691629
32.7,13.17967213,2.00433789
32.75,3.179672131,2.000252742
32.8,2.179672131,2.000118771
32.85,10.97967213,2.003011563
32.9,4.779672131,2.00057105
32.95,8.979672131,2.002014848
33,1.379672131,2.000047587
33.05,4.379672131,2.000479481
33.1,8.379672131,2.001754703
33.15,7.579672131,2.00143577
33.2,12.17967213,2.003705178
33.25,5.779672131,2.000834941
33.3,5.179672131,2.000670613
33.35,4.779672131,2.00057105
33.4,5.979672131,2.000893712
33.45,5.379672131,2.000723391
33.5,6.379672131,2.001017247
33.55,3.979672131,2.000395906
33.6,7.579672131,2.00143577
33.65,6.579672131,2.001082009
33.7,2.779672131,2.000193155
33.75,8.179672131,2.001671977
33.8,8.179672131,2.001671977
33.85,13.57967213,2.004604886
33.9,9.579672131,2.002292939
33.95,8.779672131,2.001926139
34,3.579672131,2.000320326
34.05,0.420327869,2.000004417
34.1,4.020327869,2.000404035
34.15,2.979672131,2.000221949
34.2,3.379672131,2.000285534
34.25,6.579672131,2.001082009
34.3,8.979672131,2.002014848
34.35,6.579672131,2.001082009
34.4,5.979672131,2.000893712
34.45,9.179672131,2.002105551
34.5,1.179672131,2.00003479
34.55,2.579672131,2.000166361
34.6,7.579672131,2.00143577
34.65,4.779672131,2.00057105
34.7,13.97967213,2.004879828
34.75,3.179672131,2.000252742
34.8,6.779672131,2.001148769
34.85,3.979672131,2.000395906
34.9,1.779672131,2.000079179
34.95,15.37967213,2.005904642
35,7.379672131,2.001361026
35.05,9.179672131,2.002105551
35.1,5.779672131,2.000834941
35.15,4.379672131,2.000479481
35.2,2.979672131,2.000221949
35.25,0.979672131,2.000023994
35.3,4.979672131,2.000619832
35.35,9.179672131,2.002105551
35.4,2.779672131,2.000193155
35.45,1.379672131,2.000047587
35.5,5.779672131,2.000834941
35.55,4.779672131,2.00057105
35.6,6.179672131,2.000954481
35.65,5.579672131,2.000778167
35.7,3.979672131,2.000395906
35.75,3.579672131,2.000320326
35.8,2.979672131,2.000221949
35.85,5.979672131,2.000893712
35.9,0.220327869,2.000001214
35.95,6.779672131,2.001148769
36,0.420327869,2.000004417
36.05,6.579672131,2.001082009
36.1,12.37967213,2.003827744
36.15,4.379672131,2.000479481
36.2,6.179672131,2.000954481
36.25,5.379672131,2.000723391
36.3,5.179672131,2.000670613
36.35,7.779672131,2.001512511
36.4,4.779672131,2.00057105
36.45,3.979672131,2.000395906
36.5,3.579672131,2.000320326
36.55,4.979672131,2.000619832
36.6,3.979672131,2.000395906
36.65,1.979672131,2.000097975
36.7,3.779672131,2.000357116
36.75,5.579672131,2.000778167
36.8,3.979672131,2.000395906
36.85,7.779672131,2.001512511
36.9,5.179672131,2.000670613
36.95,1.820327869,2.000082838
37,9.179672131,2.002105551
37.05,8.379672131,2.001754703
37.1,1.579672131,2.000062383
37.15,6.579672131,2.001082009
37.2,8.179672131,2.001671977
37.25,6.179672131,2.000954481
37.3,1.779672131,2.000079179
37.35,6.179672131,2.000954481
37.4,0.420327869,2.000004417
37.45,0.779672131,2.000015197
37.5,5.979672131,2.000893712
37.55,6.379672131,2.001017247
37.6,4.179672131,2.000436694
37.65,0.220327869,2.000001214
37.7,2.379672131,2.000141566
37.75,3.179672131,2.000252742
37.8,4.579672131,2.000524266
37.85,6.579672131,2.001082009
37.9,10.77967213,2.002902927
37.95,0.220327869,2.000001214
38,8.379672131,2.001754703
38.05,4.179672131,2.000436694
38.1,10.17967213,2.002588967
38.15,7.179672131,2.001288277
38.2,5.779672131,2.000834941
38.25,4.579672131,2.000524266
38.3,7.179672131,2.001288277
38.35,12.97967213,2.004207372
38.4,5.579672131,2.000778167
38.45,1.179672131,2.00003479
38.5,5.379672131,2.000723391
38.55,11.57967213,2.003349416
38.6,6.779672131,2.001148769
38.65,2.420327869,2.000146444
38.7,3.779672131,2.000357116
38.75,1.779672131,2.000079179
38.8,0.220327869,2.000001214
38.85,6.779672131,2.001148769
38.9,0.179672131,2.000000807
38.95,7.579672131,2.00143577
39,6.579672131,2.001082009
39.05,7.979672131,2.001591246
39.1,3.379672131,2.000285534
39.15,2.020327869,2.000102041
39.2,0.179672131,2.000000807
39.25,0.379672131,2.000003604
39.3,5.979672131,2.000893712
39.35,8.979672131,2.002014848
39.4,5.579672131,2.000778167
39.45,1.979672131,2.000097975
39.5,5.179672131,2.000670613
39.55,9.379672131,2.002198248
39.6,1.779672131,2.000079179
39.65,6.379672131,2.001017247
39.7,2.979672131,2.000221949
39.75,0.020327869,2.00000001
39.8,1.220327869,2.00003723
39.85,6.379672131,2.001017247
39.9,5.379672131,2.000723391
39.95,2.579672131,2.000166361
40,3.779672131,2.000357116
0,197257.5148,1972.600495
0.05,170453.5148,1704.564481
0.1,135629.5148,1356.332012
0.15,106694.5148,1066.992009
0.2,86118.51475,861.2432051
0.25,71264.51475,712.7153052
0.3,60053.51475,600.6184008
0.35,51695.51475,517.0518587
0.4,44936.51475,449.4764019
0.45,39838.51475,398.5106345
0.5,35740.51475,357.5450174
0.55,32128.51475,321.4407349
0.6,29151.51475,291.6866148
0.65,26334.51475,263.534944
0.7,24049.51475,240.7029622
0.75,22713.51475,227.3551742
0.8,20644.51475,206.6872007
0.85,19536.51475,195.6209111
0.9,18134.51475,181.6206556
0.95,17191.51475,172.2057431
1,16490.51475,165.2080739
1.05,15758.51475,157.9021175
1.1,15391.51475,154.2396598
1.15,15002.51475,150.3580556
1.2,14955.51475,149.8890995
1.25,14475.51475,145.1001473
1.3,13106.51475,131.4460836
1.35,12273.51475,123.141855
1.4,11296.51475,113.4068982
1.45,10345.51475,103.9373251
1.5,9964.514754,100.145671
1.55,9324.514754,93.77983547
1.6,8453.514754,85.12456267
1.65,8158.514754,82.19571947
1.7,7671.514754,77.36416394
1.75,7477.514754,75.44085557
1.8,6961.514754,70.32971468
1.85,6682.514754,67.56922631
1.9,6463.514754,65.40414588
1.95,6351.514754,64.29754247
2,5933.514754,60.17191815
2.05,5626.514754,57.14688817
2.1,5436.514754,55.27720387
2.15,5231.514754,53.26231935
2.2,5012.514754,51.11291829
2.25,4934.514754,50.34822326
2.3,4575.514754,46.83517403
2.35,4429.514754,45.40991187
2.4,4349.514754,44.62989872
2.45,4119.514754,42.39151072
2.5,4014.514754,41.37188503
2.55,3890.514754,40.16977104
2.6,3703.514754,38.36146704
2.65,3581.514754,37.18500764
2.7,3428.514754,35.71374164
2.75,3315.514754,34.63038851
2.8,3213.514754,33.65512899
2.85,3144.514754,32.9969287
2.9,2984.514754,31.47590875
2.95,3029.514754,31.90291467
3,2821.514754,29.93483841
3.05,2704.514754,28.83470141
3.1,2635.514754,28.18854026
3.15,2555.514754,27.44204012
3.2,2484.514754,26.78210889
3.25,2438.514754,26.3559371
3.3,2485.514754,26.79138592
3.35,2327.514754,25.33243954
3.4,2288.514754,24.97458664
3.45,2208.514754,24.24363302
3.5,2160.514754,23.8071922
3.55,2057.514754,22.87655342
3.6,1978.514754,22.16871812
3.65,1986.514754,22.24014584
3.7,1925.514754,21.69702069
3.75,1931.514754,21.75028562
3.8,1872.514754,21.22807458
3.85,1805.514754,20.63948528
3.9,1795.514754,20.55206372
3.95,1760.514754,20.24700521
4,1706.514754,19.7792634
4.05,1668.514754,19.45235586
4.1,1586.514754,18.7537438
4.15,1556.514754,18.50064372
4.2,1504.514754,18.06533876
4.25,1501.514754,18.04036185
4.3,1443.514754,17.56056618
4.35,1481.514754,17.87424395
4.4,1403.514754,17.23326337
4.45,1424.514754,17.40471857
4.5,1325.514754,16.6041843
4.55,1403.514754,17.23326337
4.6,1385.514754,17.08698667
4.65,1284.514754,16.27875349
4.7,1247.514754,15.98841162
4.75,1207.514754,15.6783031
4.8,1230.514754,15.85612361
4.85,1213.514754,15.72456059
4.9,1182.514754,15.48657852
4.95,1143.514754,15.19087224
5,1142.514754,15.18334602
5.05,1142.514754,15.18334602
5.1,1152.514754,15.25873605
5.15,1095.514754,14.8329113
5.2,1061.514754,14.58359892
5.25,1031.514754,14.36670696
5.3,1035.514754,14.39545347
5.35,1043.514754,14.45310708
5.4,996.5147541,14.11751272
5.45,953.5147541,13.81734557
5.5,973.5147541,13.95611327
5.55,919.5147541,13.58494528
5.6,952.5147541,13.81044661
5.65,878.5147541,13.31085337
5.7,959.5147541,13.85881872
5.75,857.5147541,13.17319837
5.8,953.5147541,13.81734557
5.85,886.5147541,13.36378842
5.9,862.5147541,13.20580062
5.95,800.5147541,12.80946475
6,824.5147541,12.96080468
6.05,842.5147541,13.07605105
6.1,813.5147541,12.89110645
6.15,803.5147541,12.82823433
6.2,779.5147541,12.67928725
6.25,794.5147541,12.77205424
6.3,735.5147541,12.41362942
6.35,782.5147541,12.69775311
6.4,730.5147541,12.38406963
6.45,776.5147541,12.66086554
6.5,717.5147541,12.30783256
6.55,722.5147541,12.33704815
6.6,669.5147541,12.03432593
6.65,707.5147541,12.2498046
6.7,672.5147541,12.05104184
6.75,663.5147541,12.00104924
6.8,679.5147541,12.09024525
6.85,685.5147541,12.12406895
6.9,622.5147541,11.77932349
6.95,662.5147541,11.99552333
7,676.5147541,12.07340968
7.05,653.5147541,11.94605179
7.1,617.5147541,11.7529761
7.15,622.5147541,11.77932349
7.2,627.5147541,11.80582385
7.25,634.5147541,11.84317936
7.3,570.5147541,11.51298
7.35,657.5147541,11.96798083
7.4,594.5147541,11.63377752
7.45,573.5147541,11.52787566
7.5,594.5147541,11.63377752
7.55,557.5147541,11.44911656
7.6,541.5147541,11.37206326
7.65,580.5147541,11.56286029
7.7,611.5147541,11.72156259
7.75,520.5147541,11.273578
7.8,560.5147541,11.46375501
7.85,547.5147541,11.40075614
7.9,537.5147541,11.35307056
7.95,527.5147541,11.30606835
8,560.5147541,11.46375501
8.05,514.5147541,11.24600121
8.1,501.5147541,11.18712228
8.15,503.5147541,11.19610248
8.2,536.5147541,11.34833944
8.25,527.5147541,11.30606835
8.3,549.5147541,11.41037451
8.35,501.5147541,11.18712228
8.4,493.5147541,11.15148785
8.45,488.5147541,11.12945041
8.5,495.5147541,11.16035336
8.55,465.5147541,11.03043057
8.6,439.5147541,10.92324686
8.65,472.5147541,11.06015458
8.7,436.5147541,10.91121043
8.75,468.5147541,11.0431249
8.8,487.5147541,11.12506465
8.85,455.5147541,10.98860178
8.9,453.5147541,10.98032619
8.95,462.5147541,11.01780331
9,463.5147541,11.02200493
9.05,422.5147541,10.85596019
9.1,430.5147541,10.88734565
9.15,459.5147541,11.00524334
9.2,410.5147541,10.80982129
9.25,452.5147541,10.97619972
9.3,442.5147541,10.93535234
9.35,419.5147541,10.84431938
9.4,414.5147541,10.82507497
9.45,388.5147541,10.72820448
9.5,391.5147541,10.73910519
9.55,366.5147541,10.65050734
9.6,404.5147541,10.78717844
9.65,412.5147541,10.81743233
9.7,399.5147541,10.7685284
9.75,381.5147541,10.70305334
9.8,397.5147541,10.76112438
9.85,385.5147541,10.71737666
9.9,366.5147541,10.65050734
9.95,392.5147541,10.74275492
10,381.5147541,10.70305334
10.05,409.5147541,10.80602764
10.1,349.5147541,10.59320803
10.15,353.5147541,10.60647294
10.2,396.5147541,10.75743441
10.25,335.5147541,10.54784409
10.3,383.5147541,10.71019872
10.35,360.5147541,10.63000888
10.4,338.5147541,10.55742506
10.45,361.5147541,10.63340452
10.5,341.5147541,10.56708251
10.55,304.5147541,10.453369
10.6,326.5147541,10.51956218
10.65,338.5147541,10.55742506
10.7,304.5147541,10.453369
10.75,328.5147541,10.52578711
10.8,346.5147541,10.58334765
10.85,308.5147541,10.46509127
10.9,317.5147541,10.49197607
10.95,334.5147541,10.54466747
11,301.5147541,10.4446692
11.05,297.5147541,10.43319236
11.1,311.5147541,10.47397461
11.15,280.5147541,10.3859931
11.2,299.5147541,10.4389132
11.25,285.5147541,10.39960901
11.3,300.5147541,10.44178681
11.35,305.5147541,10.45628646
11.4,286.5147541,10.40235889
11.45,293.5147541,10.42185641
11.5,293.5147541,10.42185641
11.55,297.5147541,10.43319236
11.6,310.5147541,10.47100479
11.65,282.5147541,10.39141273
11.7,278.5147541,10.38060917
11.75,281.5147541,10.38869846
11.8,279.5147541,10.38329667
11.85,285.5147541,10.39960901
11.9,267.5147541,10.35163825
11.95,265.5147541,10.34648774
12,271.5147541,10.36204739
12.05,268.5147541,10.35422703
12.1,264.5147541,10.34392602
12.15,290.5147541,10.41344718
12.2,251.5147541,10.31144835
12.25,265.5147541,10.34648774
12.3,237.5147541,10.27819662
12.35,286.5147541,10.40235889
12.4,246.5147541,10.2993666
12.45,246.5147541,10.2993666
12.5,252.5147541,10.31389209
12.55,220.5147541,10.24024783
12.6,278.5147541,10.38060917
12.65,237.5147541,10.27819662
12.7,218.5147541,10.23595964
12.75,256.5147541,10.32375813
12.8,243.5147541,10.29222734
12.85,226.5147541,10.25333572
12.9,245.5147541,10.29697769
12.95,218.5147541,10.23595964
13,214.5147541,10.2274952
13.05,249.5147541,10.30658824
13.1,216.5147541,10.23170875
13.15,249.5147541,10.30658824
13.2,211.5147541,10.22124499
13.25,216.5147541,10.23170875
13.3,249.5147541,10.30658824
13.35,232.5147541,10.26675757
13.4,231.5147541,10.26449746
13.45,224.5147541,10.24893592
13.5,222.5147541,10.24457327
13.55,225.5147541,10.25113118
13.6,236.5147541,10.27589037
13.65,232.5147541,10.26675757
13.7,227.5147541,10.25554954
13.75,238.5147541,10.28051209
13.8,212.5147541,10.22331903
13.85,190.5147541,10.17986184
13.9,209.5147541,10.217125
13.95,176.5147541,10.15459235
14,216.5147541,10.23170875
14.05,222.5147541,10.24457327
14.1,218.5147541,10.23595964
14.15,220.5147541,10.24024783
14.2,209.5147541,10.217125
14.25,210.5147541,10.21918031
14.3,185.5147541,10.17062301
14.35,207.5147541,10.21304251
14.4,197.5147541,10.19319419
14.45,199.5147541,10.19708849
14.5,162.5147541,10.13119463
14.55,188.5147541,10.17613784
14.6,196.5147541,10.1912612
14.65,211.5147541,10.22124499
14.7,187.5147541,10.17429006
14.75,216.5147541,10.23170875
14.8,178.5147541,10.158088
14.85,191.5147541,10.18173807
14.9,165.5147541,10.13605019
14.95,195.5147541,10.18933766
15,179.5147541,10.15985013
15.05,191.5147541,10.18173807
15.1,186.5147541,10.17245179
15.15,185.5147541,10.17062301
15.2,166.5147541,10.13768792
15.25,166.5147541,10.13768792
15.3,169.5147541,10.14265868
15.35,151.5147541,10.11413229
15.4,154.5147541,10.11866992
15.45,155.5147541,10.12020177
15.5,161.5147541,10.12959533
15.55,181.5147541,10.163403
15.6,162.5147541,10.13119463
15.65,165.5147541,10.13605019
15.7,156.5147541,10.12174327
15.75,173.5147541,10.14942052
15.8,163.5147541,10.13280354
15.85,148.5147541,10.10968166
15.9,168.5147541,10.14099217
15.95,164.5147541,10.13442206
16,157.5147541,10.12329441
16.05,163.5147541,10.13280354
16.1,158.5147541,10.1248552
16.15,160.5147541,10.12800566
16.2,152.5147541,10.11563518
16.25,136.5147541,10.09275125
16.3,163.5147541,10.13280354
16.35,147.5147541,10.10821746
16.4,160.5147541,10.12800566
16.45,155.5147541,10.12020177
16.5,153.5147541,10.11714772
16.55,148.5147541,10.10968166
16.6,150.5147541,10.11263908
16.65,114.5147541,10.06535458
16.7,135.5147541,10.09140351
16.75,145.5147541,10.10531812
16.8,150.5147541,10.11263908
16.85,141.5147541,10.09963576
16.9,139.5147541,10.09685281
16.95,175.5147541,10.15285885
17,140.5147541,10.09823943
17.05,136.5147541,10.09275125
17.1,154.5147541,10.11866992
17.15,124.5147541,10.07722146
17.2,131.5147541,10.08610991
17.25,160.5147541,10.12800566
17.3,120.5147541,10.07235725
17.35,126.5147541,10.07971221
17.4,132.5147541,10.0874187
17.45,138.5147541,10.0954759
17.5,126.5147541,10.07971221
17.55,146.5147541,10.10676295
17.6,124.5147541,10.07722146
17.65,131.5147541,10.08610991
17.7,130.5147541,10.08481086
17.75,150.5147541,10.11263908
17.8,145.5147541,10.10531812
17.85,139.5147541,10.09685281
17.9,105.5147541,10.05551273
17.95,136.5147541,10.09275125
18,152.5147541,10.11563518
18.05,119.5147541,10.07116565
18.1,147.5147541,10.10821746
18.15,130.5147541,10.08481086
18.2,104.5147541,10.05446833
18.25,116.5147541,10.06764962
18.3,110.5147541,10.06088222
18.35,106.5147541,10.05656697
18.4,138.5147541,10.0954759
18.45,115.5147541,10.0664972
18.5,164.5147541,10.13442206
18.55,123.5147541,10.07599074
18.6,121.5147541,10.07355863
18.65,117.5147541,10.06881183
18.7,100.5147541,10.05038913
18.75,123.5147541,10.07599074
18.8,118.5147541,10.06998385
18.85,132.5147541,10.0874187
18.9,148.5147541,10.10968166
18.95,108.5147541,10.05870495
19,129.5147541,10.08352157
19.05,118.5147541,10.06998385
19.1,124.5147541,10.07722146
19.15,129.5147541,10.08352157
19.2,95.5147541,10.04551178
19.25,113.5147541,10.06422178
19.3,109.5147541,10.05978867
19.35,103.5147541,10.05343376
19.4,125.5147541,10.07846195
19.45,118.5147541,10.06998385
19.5,115.5147541,10.0664972
19.55,105.5147541,10.05551273
19.6,102.5147541,10.05240904
19.65,128.5147541,10.08224202
19.7,105.5147541,10.05551273
19.75,90.5147541,10.04088104
19.8,100.5147541,10.05038913
19.85,121.5147541,10.07355863
19.9,104.5147541,10.05446833
19.95,100.5147541,10.05038913
20,97.5147541,10.04743314
20.05,103.5147541,10.05343376
20.1,115.5147541,10.0664972
20.15,111.5147541,10.06198559
20.2,88.5147541,10.03909788
20.25,94.5147541,10.04456589
20.3,85.5147541,10.03649726
20.35,99.5147541,10.04939394
20.4,95.5147541,10.04551178
20.45,98.5147541,10.04840861
20.5,95.5147541,10.04551178
20.55,77.5147541,10.02999769
20.6,80.5147541,10.03236077
20.65,85.5147541,10.03649726
20.7,79.5147541,10.03156317
20.75,88.5147541,10.03909788
20.8,94.5147541,10.04456589
20.85,110.5147541,10.06088222
20.9,74.5147541,10.02772381
20.95,91.5147541,10.04178744
21,88.5147541,10.03909788
21.05,88.5147541,10.03909788
21.1,99.5147541,10.04939394
21.15,95.5147541,10.04551178
21.2,97.5147541,10.04743314
21.25,89.5147541,10.03998452
21.3,95.5147541,10.04551178
21.35,90.5147541,10.04088104
21.4,97.5147541,10.04743314
21.45,96.5147541,10.04646753
21.5,76.5147541,10.02922982
21.55,94.5147541,10.04456589
21.6,81.5147541,10.03316827
21.65,77.5147541,10.02999769
21.7,81.5147541,10.03316827
21.75,70.5147541,10.02483082
21.8,92.5147541,10.04270372
21.85,94.5147541,10.04456589
21.9,75.5147541,10.02847186
21.95,86.5147541,10.03735425
22,112.5147541,10.06309878
22.05,88.5147541,10.03909788
22.1,66.5147541,10.02209665
22.15,92.5147541,10.04270372
22.2,116.5147541,10.06764962
22.25,92.5147541,10.04270372
22.3,90.5147541,10.04088104
22.35,88.5147541,10.03909788
22.4,94.5147541,10.04456589
22.45,71.5147541,10.02553919
22.5,88.5147541,10.03909788
22.55,91.5147541,10.04178744
22.6,71.5147541,10.02553919
22.65,81.5147541,10.03316827
22.7,89.5147541,10.03998452
22.75,80.5147541,10.03236077
22.8,73.5147541,10.02698568
22.85,72.5147541,10.02625748
22.9,92.5147541,10.04270372
22.95,76.5147541,10.02922982
23,68.5147541,10.02344388
23.05,76.5147541,10.02922982
23.1,80.5147541,10.03236077
23.15,78.5147541,10.03077548
23.2,94.5147541,10.04456589
23.25,72.5147541,10.02625748
23.3,74.5147541,10.02772381
23.35,101.5147541,10.05139416
23.4,65.5147541,10.02143794
23.45,56.5147541,10.01595686
23.5,61.5147541,10.01890246
23.55,89.5147541,10.03998452
23.6,52.5147541,10.0137795
23.65,79.5147541,10.03156317
23.7,71.5147541,10.02553919
23.75,70.5147541,10.02483082
23.8,65.5147541,10.02143794
23.85,82.5147541,10.03398567
23.9,44.5147541,10.00990291
23.95,72.5147541,10.02625748
24,65.5147541,10.02143794
24.05,84.5147541,10.03565017
24.1,65.5147541,10.02143794
24.15,73.5147541,10.02698568
24.2,62.5147541,10.01952142
24.25,61.5147541,10.01890246
24.3,69.5147541,10.02413239
24.35,70.5147541,10.02483082
24.4,74.5147541,10.02772381
24.45,76.5147541,10.02922982
24.5,76.5147541,10.02922982
24.55,42.5147541,10.00903344
24.6,72.5147541,10.02625748
24.65,74.5147541,10.02772381
24.7,79.5147541,10.03156317
24.75,77.5147541,10.02999769
24.8,61.5147541,10.01890246
24.85,78.5147541,10.03077548
24.9,73.5147541,10.02698568
24.95,79.5147541,10.03156317
25,48.5147541,10.01176149
25.05,71.5147541,10.02553919
25.1,53.5147541,10.01430891
25.15,70.5147541,10.02483082
25.2,60.5147541,10.01829344
25.25,97.5147541,10.04743314
25.3,82.5147541,10.03398567
25.35,72.5147541,10.02625748
25.4,48.5147541,10.01176149
25.45,68.5147541,10.02344388
25.5,67.5147541,10.0227653
25.55,78.5147541,10.03077548
25.6,67.5147541,10.0227653
25.65,63.5147541,10.02015032
25.7,57.5147541,10.01652608
25.75,64.5147541,10.02078916
25.8,77.5147541,10.02999769
25.85,54.5147541,10.01484827
25.9,53.5147541,10.01430891
25.95,40.5147541,10.00820386
26,70.5147541,10.02483082
26.05,54.5147541,10.01484827
26.1,68.5147541,10.02344388
26.15,62.5147541,10.01952142
26.2,73.5147541,10.02698568
26.25,59.5147541,10.01769438
26.3,66.5147541,10.02209665
26.35,46.5147541,10.01081227
26.4,49.5147541,10.01225105
26.45,45.5147541,10.01035261
26.5,48.5147541,10.01176149
26.55,55.5147541,10.01539759
26.6,51.5147541,10.01326006
26.65,53.5147541,10.01430891
26.7,48.5147541,10.01176149
26.75,53.5147541,10.01430891
26.8,57.5147541,10.01652608
26.85,70.5147541,10.02483082
26.9,50.5147541,10.01275057
26.95,61.5147541,10.01890246
27,60.5147541,10.01829344
27.05,41.5147541,10.00861366
27.1,54.5147541,10.01484827
27.15,54.5147541,10.01484827
27.2,37.5147541,10.00703431
27.25,52.5147541,10.0137795
27.3,37.5147541,10.00703431
27.35,42.5147541,10.00903344
27.4,54.5147541,10.01484827
27.45,70.5147541,10.02483082
27.5,50.5147541,10.01275057
27.55,43.5147541,10.00946319
27.6,52.5147541,10.0137795
27.65,47.5147541,10.0112819
27.7,54.5147541,10.01484827
27.75,53.5147541,10.01430891
27.8,45.5147541,10.01035261
27.85,52.5147541,10.0137795
27.9,45.5147541,10.01035261
27.95,52.5147541,10.0137795
28,57.5147541,10.01652608
28.05,73.5147541,10.02698568
28.1,49.5147541,10.01225105
28.15,54.5147541,10.01484827
28.2,59.5147541,10.01769438
28.25,48.5147541,10.01176149
28.3,33.5147541,10.00561462
28.35,45.5147541,10.01035261
28.4,48.5147541,10.01176149
28.45,59.5147541,10.01769438
28.5,55.5147541,10.01539759
28.55,50.5147541,10.01275057
28.6,54.5147541,10.01484827
28.65,43.5147541,10.00946319
28.7,38.5147541,10.00741418
28.75,38.5147541,10.00741418
28.8,33.5147541,10.00561462
28.85,49.5147541,10.01225105
28.9,50.5147541,10.01275057
28.95,39.5147541,10.00780403
29,53.5147541,10.01430891
29.05,36.5147541,10.00666442
29.1,45.5147541,10.01035261
29.15,45.5147541,10.01035261
29.2,48.5147541,10.01176149
29.25,41.5147541,10.00861366
29.3,45.5147541,10.01035261
29.35,26.5147541,10.00351454
29.4,32.5147541,10.00528465
29.45,46.5147541,10.01081227
29.5,43.5147541,10.00946319
29.55,58.5147541,10.01710525
29.6,34.5147541,10.00595457
29.65,52.5147541,10.0137795
29.7,65.5147541,10.02143794
29.75,46.5147541,10.01081227
29.8,40.5147541,10.00820386
29.85,46.5147541,10.01081227
29.9,33.5147541,10.00561462
29.95,49.5147541,10.01225105
30,68.5147541,10.02344388
30.05,59.5147541,10.01769438
30.1,61.5147541,10.01890246
30.15,38.5147541,10.00741418
30.2,27.5147541,10.00378459
30.25,43.5147541,10.00946319
30.3,37.5147541,10.00703431
30.35,35.5147541,10.0063045
30.4,52.5147541,10.0137795
30.45,64.5147541,10.02078916
30.5,41.5147541,10.00861366
30.55,39.5147541,10.00780403
30.6,40.5147541,10.00820386
30.65,45.5147541,10.01035261
30.7,36.5147541,10.00666442
30.75,29.5147541,10.00435466
30.8,48.5147541,10.01176149
30.85,47.5147541,10.0112819
30.9,46.5147541,10.01081227
30.95,34.5147541,10.00595457
31,46.5147541,10.01081227
31.05,57.5147541,10.01652608
31.1,46.5147541,10.01081227
31.15,41.5147541,10.00861366
31.2,41.5147541,10.00861366
31.25,25.5147541,10.00325448
31.3,35.5147541,10.0063045
31.35,72.5147541,10.02625748
31.4,40.5147541,10.00820386
31.45,36.5147541,10.00666442
31.5,27.5147541,10.00378459
31.55,46.5147541,10.01081227
31.6,30.5147541,10.00465467
31.65,50.5147541,10.01275057
31.7,40.5147541,10.00820386
31.75,43.5147541,10.00946319
31.8,49.5147541,10.01225105
31.85,16.5147541,10.00136359
31.9,45.5147541,10.01035261
31.95,40.5147541,10.00820386
32,25.5147541,10.00325448
32.05,47.5147541,10.0112819
32.1,37.5147541,10.00703431
32.15,25.5147541,10.00325448
32.2,39.5147541,10.00780403
32.25,44.5147541,10.00990291
32.3,41.5147541,10.00861366
32.35,17.5147541,10.00153372
32.4,51.5147541,10.01326006
32.45,29.5147541,10.00435466
32.5,24.5147541,10.00300441
32.55,41.5147541,10.00861366
32.6,25.5147541,10.00325448
32.65,46.5147541,10.01081227
32.7,38.5147541,10.00741418
32.75,43.5147541,10.00946319
32.8,48.5147541,10.01176149
32.85,37.5147541,10.00703431
32.9,27.5147541,10.00378459
32.95,37.5147541,10.00703431
33,40.5147541,10.00820386
33.05,50.5147541,10.01275057
33.1,41.5147541,10.00861366
33.15,44.5147541,10.00990291
33.2,28.5147541,10.00406463
33.25,34.5147541,10.00595457
33.3,16.5147541,10.00136359
33.35,28.5147541,10.00406463
33.4,51.5147541,10.01326006
33.45,41.5147541,10.00861366
33.5,32.5147541,10.00528465
33.55,30.5147541,10.00465467
33.6,28.5147541,10.00406463
33.65,34.5147541,10.00595457
33.7,12.5147541,10.00078306
33.75,36.5147541,10.00666442
33.8,37.5147541,10.00703431
33.85,35.5147541,10.0063045
33.9,37.5147541,10.00703431
33.95,33.5147541,10.00561462
34,34.5147541,10.00595457
34.05,47.5147541,10.0112819
34.1,30.5147541,10.00465467
34.15,32.5147541,10.00528465
34.2,32.5147541,10.00528465
34.25,29.5147541,10.00435466
34.3,33.5147541,10.00561462
34.35,32.5147541,10.00528465
34.4,32.5147541,10.00528465
34.45,32.5147541,10.00528465
34.5,16.5147541,10.00136359
34.55,28.5147541,10.00406463
34.6,50.5147541,10.01275057
34.65,28.5147541,10.00406463
34.7,45.5147541,10.01035261
34.75,36.5147541,10.00666442
34.8,23.5147541,10.00276434
34.85,27.5147541,10.00378459
34.9,35.5147541,10.0063045
34.95,48.5147541,10.01176149
35,36.5147541,10.00666442
35.05,33.5147541,10.00561462
35.1,30.5147541,10.00465467
35.15,25.5147541,10.00325448
35.2,37.5147541,10.00703431
35.25,28.5147541,10.00406463
35.3,33.5147541,10.00561462
35.35,39.5147541,10.00780403
35.4,38.5147541,10.00741418
35.45,35.5147541,10.0063045
35.5,34.5147541,10.00595457
35.55,44.5147541,10.00990291
35.6,29.5147541,10.00435466
35.65,41.5147541,10.00861366
35.7,25.5147541,10.00325448
35.75,24.5147541,10.00300441
35.8,19.5147541,10.00190395
35.85,36.5147541,10.00666442
35.9,20.5147541,10.00210405
35.95,31.5147541,10.00496467
36,47.5147541,10.0112819
36.05,21.5147541,10.00231416
36.1,29.5147541,10.00435466
36.15,28.5147541,10.00406463
36.2,24.5147541,10.00300441
36.25,28.5147541,10.00406463
36.3,40.5147541,10.00820386
36.35,22.5147541,10.00253425
36.4,39.5147541,10.00780403
36.45,49.5147541,10.01225105
36.5,19.5147541,10.00190395
36.55,27.5147541,10.00378459
36.6,37.5147541,10.00703431
36.65,37.5147541,10.00703431
36.7,26.5147541,10.00351454
36.75,35.5147541,10.0063045
36.8,28.5147541,10.00406463
36.85,44.5147541,10.00990291
36.9,28.5147541,10.00406463
36.95,34.5147541,10.00595457
37,30.5147541,10.00465467
37.05,31.5147541,10.00496467
37.1,21.5147541,10.00231416
37.15,23.5147541,10.00276434
37.2,20.5147541,10.00210405
37.25,20.5147541,10.00210405
37.3,20.5147541,10.00210405
37.35,29.5147541,10.00435466
37.4,26.5147541,10.00351454
37.45,42.5147541,10.00903344
37.5,28.5147541,10.00406463
37.55,25.5147541,10.00325448
37.6,17.5147541,10.00153372
37.65,29.5147541,10.00435466
37.7,17.5147541,10.00153372
37.75,30.5147541,10.00465467
37.8,19.5147541,10.00190395
37.85,27.5147541,10.00378459
37.9,25.5147541,10.00325448
37.95,11.5147541,10.00066293
38,20.5147541,10.00210405
38.05,12.5147541,10.00078306
38.1,38.5147541,10.00741418
38.15,38.5147541,10.00741418
38.2,22.5147541,10.00253425
38.25,29.5147541,10.00435466
38.3,30.5147541,10.00465467
38.35,43.5147541,10.00946319
38.4,10.5147541,10.00055278
38.45,37.5147541,10.00703431
38.5,14.5147541,10.00105333
38.55,29.5147541,10.00435466
38.6,36.5147541,10.00666442
38.65,38.5147541,10.00741418
38.7,42.5147541,10.00903344
38.75,28.5147541,10.00406463
38.8,15.5147541,10.00120347
38.85,21.5147541,10.00231416
38.9,23.5147541,10.00276434
38.95,15.5147541,10.00120347
39,14.5147541,10.00105333
39.05,32.5147541,10.00528465
39.1,23.5147541,10.00276434
39.15,20.5147541,10.00210405
39.2,28.5147541,10.00406463
39.25,31.5147541,10.00496467
39.3,38.5147541,10.00741418
39.35,27.5147541,10.00378459
39.4,35.5147541,10.0063045
39.45,39.5147541,10.00780403
39.5,51.5147541,10.01326006
39.55,33.5147541,10.00561462
39.6,11.5147541,10.00066293
39.65,20.5147541,10.00210405
39.7,22.5147541,10.00253425
39.75,20.5147541,10.00210405
39.8,41.5147541,10.00861366
39.85,25.5147541,10.00325448
39.9,30.5147541,10.00465467
39.95,28.5147541,10.00406463
40,28.5147541,10.00406463
40.05,24.5147541,10.00300441
40.1,22.5147541,10.00253425
40.15,20.5147541,10.00210405
40.2,16.5147541,10.00136359
40.25,12.5147541,10.00078306
40.3,31.5147541,10.00496467
40.35,16.5147541,10.00136359
40.4,20.5147541,10.00210405
40.45,35.5147541,10.0063045
40.5,18.5147541,10.00171383
40.55,14.5147541,10.00105333
40.6,14.5147541,10.00105333
40.65,24.5147541,10.00300441
40.7,36.5147541,10.00666442
40.75,5.514754098,10.00015206
40.8,27.5147541,10.00378459
40.85,24.5147541,10.00300441
40.9,27.5147541,10.00378459
40.95,25.5147541,10.00325448
41,15.5147541,10.00120347
41.05,22.5147541,10.00253425
41.1,31.5147541,10.00496467
41.15,15.5147541,10.00120347
41.2,22.5147541,10.00253425
41.25,40.5147541,10.00820386
41.3,21.5147541,10.00231416
41.35,12.5147541,10.00078306
41.4,22.5147541,10.00253425
41.45,22.5147541,10.00253425
41.5,28.5147541,10.00406463
41.55,18.5147541,10.00171383
41.6,53.5147541,10.01430891
41.65,28.5147541,10.00406463
41.7,20.5147541,10.00210405
41.75,17.5147541,10.00153372
41.8,28.5147541,10.00406463
41.85,12.5147541,10.00078306
41.9,19.5147541,10.00190395
41.95,9.514754098,10.00045264
42,17.5147541,10.00153372
42.05,12.5147541,10.00078306
42.1,33.5147541,10.00561462
42.15,26.5147541,10.00351454
42.2,22.5147541,10.00253425
42.25,29.5147541,10.00435466
42.3,32.5147541,10.00528465
42.35,15.5147541,10.00120347
42.4,10.5147541,10.00055278
42.45,9.514754098,10.00045264
42.5,35.5147541,10.0063045
42.55,17.5147541,10.00153372
42.6,15.5147541,10.00120347
42.65,20.5147541,10.00210405
42.7,22.5147541,10.00253425
42.75,10.5147541,10.00055278
42.8,14.5147541,10.00105333
42.85,12.5147541,10.00078306
42.9,20.5147541,10.00210405
42.95,8.514754098,10.0003625
43,19.5147541,10.00190395
43.05,21.5147541,10.00231416
43.1,21.5147541,10.00231416
43.15,31.5147541,10.00496467
43.2,10.5147541,10.00055278
43.25,27.5147541,10.00378459
43.3,25.5147541,10.00325448
43.35,23.5147541,10.00276434
43.4,26.5147541,10.00351454
43.45,23.5147541,10.00276434
43.5,24.5147541,10.00300441
43.55,18.5147541,10.00171383
43.6,16.5147541,10.00136359
43.65,13.5147541,10.0009132
43.7,10.5147541,10.00055278
43.75,9.514754098,10.00045264
43.8,9.514754098,10.00045264
43.85,27.5147541,10.00378459
43.9,33.5147541,10.00561462
43.95,31.5147541,10.00496467
44,10.5147541,10.00055278
44.05,20.5147541,10.00210405
44.1,20.5147541,10.00210405
44.15,9.514754098,10.00045264
44.2,11.5147541,10.00066293
44.25,32.5147541,10.00528465
44.3,10.5147541,10.00055278
44.35,29.5147541,10.00435466
44.4,22.5147541,10.00253425
44.45,7.514754098,10.00028235
44.5,18.5147541,10.00171383
44.55,21.5147541,10.00231416
44.6,26.5147541,10.00351454
44.65,16.5147541,10.00136359
44.7,11.5147541,10.00066293
44.75,10.5147541,10.00055278
44.8,8.514754098,10.0003625
44.85,35.5147541,10.0063045
44.9,14.5147541,10.00105333
44.95,6.514754098,10.00021221
45,1.514754098,10.00001147
45.05,17.5147541,10.00153372
45.1,13.5147541,10.0009132
45.15,20.5147541,10.00210405
45.2,23.5147541,10.00276434
45.25,26.5147541,10.00351454
45.3,12.5147541,10.00078306
45.35,23.5147541,10.00276434
45.4,26.5147541,10.00351454
45.45,18.5147541,10.00171383
45.5,21.5147541,10.00231416
45.55,14.5147541,10.00105333
45.6,19.5147541,10.00190395
45.65,24.5147541,10.00300441
45.7,9.514754098,10.00045264
45.75,16.5147541,10.00136359
45.8,12.5147541,10.00078306
45.85,33.5147541,10.00561462
45.9,19.5147541,10.00190395
45.95,17.5147541,10.00153372
46,13.5147541,10.0009132
46.05,19.5147541,10.00190395
46.1,13.5147541,10.0009132
46.15,5.514754098,10.00015206
46.2,25.5147541,10.00325448
46.25,25.5147541,10.00325448
46.3,10.5147541,10.00055278
46.35,16.5147541,10.00136359
46.4,14.5147541,10.00105333
46.45,15.5147541,10.00120347
46.5,6.514754098,10.00021221
46.55,25.5147541,10.00325448
46.6,35.5147541,10.0063045
46.65,18.5147541,10.00171383
46.7,23.5147541,10.00276434
46.75,20.5147541,10.00210405
46.8,20.5147541,10.00210405
46.85,10.5147541,10.00055278
46.9,19.5147541,10.00190395
46.95,10.5147541,10.00055278
47,30.5147541,10.00465467
47.05,22.5147541,10.00253425
47.1,12.5147541,10.00078306
47.15,20.5147541,10.00210405
47.2,26.5147541,10.00351454
47.25,7.514754098,10.00028235
47.3,26.5147541,10.00351454
47.35,6.514754098,10.00021221
47.4,15.5147541,10.00120347
47.45,11.5147541,10.00066293
47.5,17.5147541,10.00153372
47.55,10.5147541,10.00055278
47.6,0.485245902,10.00000118
47.65,10.5147541,10.00055278
47.7,14.5147541,10.00105333
47.75,16.5147541,10.00136359
47.8,24.5147541,10.00300441
47.85,15.5147541,10.00120347
47.9,7.514754098,10.00028235
47.95,31.5147541,10.00496467
48,25.5147541,10.00325448
48.05,1.485245902,10.00001103
48.1,16.5147541,10.00136359
48.15,13.5147541,10.0009132
48.2,16.5147541,10.00136359
48.25,28.5147541,10.00406463
48.3,19.5147541,10.00190395
48.35,13.5147541,10.0009132
48.4,13.5147541,10.0009132
48.45,25.5147541,10.00325448
48.5,12.5147541,10.00078306
48.55,21.5147541,10.00231416
48.6,10.5147541,10.00055278
48.65,27.5147541,10.00378459
48.7,22.5147541,10.00253425
48.75,1.514754098,10.00001147
48.8,13.5147541,10.0009132
48.85,31.5147541,10.00496467
48.9,10.5147541,10.00055278
48.95,31.5147541,10.00496467
49,12.5147541,10.00078306
49.05,21.5147541,10.00231416
49.1,8.514754098,10.0003625
49.15,8.514754098,10.0003625
49.2,12.5147541,10.00078306
49.25,18.5147541,10.00171383
49.3,22.5147541,10.00253425
49.35,15.5147541,10.00120347
49.4,0.514754098,10.00000132
49.45,4.514754098,10.00010191
49.5,18.5147541,10.00171383
49.55,24.5147541,10.00300441
49.6,23.5147541,10.00276434
49.65,11.5147541,10.00066293
49.7,20.5147541,10.00210405
49.75,31.5147541,10.00496467
49.8,6.514754098,10.00021221
49.85,18.5147541,10.00171383
49.9,15.5147541,10.00120347
49.95,26.5147541,10.00351454
50,16.5147541,10.00136359
0,11792.5122,117.9255931
0.05,11620.9122,116.2096001
0.1,10868.74553,108.6879665
0.15,10118.17887,101.1823377
0.2,9470.5122,94.70570862
0.25,8907.045534,89.07107906
0.3,8375.345534,83.75411866
0.35,7946.1122,79.46182116
0.4,7562.278867,75.62352331
0.45,7209.045534,72.09122597
0.5,6878.178867,68.78259637
0.55,6578.7122,65.78796647
0.6,6284.578867,62.84667266
0.65,6027.878867,60.27971031
0.7,5795.045534,57.951414
0.75,5590.3122,55.90411578
0.8,5382.178867,53.82282087
0.85,5199.445534,51.99552382
0.9,5038.3122,50.38422465
0.95,4894.678867,48.94792368
1,4756.1122,47.56229008
1.05,4645.978867,46.46098443
1.1,4529.9122,45.3003484
1.15,4451.645534,44.5177033
1.2,4360.078867,43.60206284
1.25,4239.045534,42.39176588
1.3,4109.378867,41.09514057
1.35,4008.2122,40.08350802
1.4,3885.278867,38.85421854
1.45,3793.7122,37.93858639
1.5,3666.2122,36.66363731
1.55,3578.678867,35.78834104
1.6,3464.478867,34.64639221
1.65,3398.6122,33.98775662
1.7,3294.578867,32.9474749
1.75,3216.845534,32.17018231
1.8,3152.678867,31.52855079
1.85,3051.145534,30.51327609
1.9,3003.478867,30.03663832
1.95,2936.4122,29.3660139
2,2851.578867,28.51773684
2.05,2794.478867,27.94677665
2.1,2746.3122,27.46514484
2.15,2673.045534,26.73253362
2.2,2621.145534,26.21357477
2.25,2547.9122,25.48130235
2.3,2510.3122,25.105335
2.35,2461.4122,24.61637896
2.4,2405.578867,24.05809801
2.45,2359.3122,23.59547662
2.5,2281.345534,22.81589042
2.55,2244.578867,22.44826363
2.6,2213.978867,22.14229784
2.65,2151.8122,21.52070365
2.7,2127.678867,21.2793996
2.75,2088.445534,20.88711531
2.8,2057.3122,20.57582222
2.85,1999.045534,19.99323425
2.9,1953.7122,19.53996539
2.95,1918.845534,19.19135038
3,1876.3122,18.76608266
3.05,1853.878867,18.54178515
3.1,1812.278867,18.12585392
3.15,1782.545534,17.82857171
3.2,1742.245534,17.42564378
3.25,1711.0122,17.11336864
3.3,1682.578867,16.82909016
3.35,1666.8122,16.67145471
3.4,1631.445534,16.31786028
3.45,1595.745534,15.96093644
3.5,1572.945534,15.73298689
3.55,1548.345534,15.48704298
3.6,1514.8122,15.15178905
3.65,1508.0122,15.08380558
3.7,1470.078867,14.70456727
3.75,1450.178867,14.50561911
3.8,1424.8122,14.25202062
3.85,1399.578867,13.99975756
3.9,1389.3122,13.89712021
3.95,1361.345534,13.61753566
4,1339.945534,13.4036008
4.05,1312.678867,13.13102022
4.1,1302.1122,13.02538788
4.15,1274.345534,12.74781413
4.2,1261.245534,12.61685939
4.25,1244.345534,12.44791918
4.3,1220.845534,12.21300507
4.35,1204.5122,12.04973341
4.4,1177.8122,11.7828379
4.45,1166.178867,11.66655159
4.5,1155.7122,11.56192805
4.55,1136.145534,11.36634411
4.6,1108.645534,11.09146533
4.65,1097.978867,10.98484731
4.7,1079.578867,10.80093348
4.75,1059.945534,10.6046954
4.8,1043.845534,10.44377618
4.85,1024.745534,10.2528753
4.9,1018.145534,10.18691042
4.95,1009.045534,10.09595959
5,1006.4122,10.06964065
5.05,977.4788671,9.780470575
5.1,973.0455338,9.736163114
5.15,943.1788671,9.437677079
5.2,939.2788671,9.398701513
5.25,927.1122004,9.277112392
5.3,910.8788671,9.114885746
5.35,885.8122004,8.864391494
5.4,882.8455338,8.83474588
5.45,876.7455338,8.773789615
5.5,865.7122004,8.663536951
5.55,857.1455338,8.57793435
5.6,849.4455338,8.500993036
5.65,824.6122004,8.252856428
5.7,811.0455338,8.117302316
5.75,805.1788671,8.058685495
5.8,790.1455338,7.908483266
5.85,792.7122004,7.934127197
5.9,770.4122004,7.71132978
5.95,772.1455338,7.728646948
6,756.0455338,7.567799946
6.05,751.2788671,7.520179833
6.1,734.3788671,7.351349751
6.15,728.2455338,7.290080031
6.2,720.0788671,7.208499747
6.25,717.9455338,7.187189302
6.3,710.1788671,7.109607123
6.35,691.6122004,6.924150106
6.4,677.1122004,6.779321818
6.45,680.7455338,6.815611439
6.5,675.7455338,6.765671715
6.55,672.1122004,6.729382744
6.6,654.9788671,6.558265224
6.65,649.4122004,6.502671122
6.7,631.6788671,6.325577462
6.75,630.6455338,6.315258509
6.8,624.2788671,6.251681494
6.85,621.3788671,6.222722938
6.9,611.9122004,6.128194287
6.95,594.6788671,5.956123455
7,592.0455338,5.929831576
7.05,590.2455338,5.911860124
7.1,577.7455338,5.78706327
7.15,575.2455338,5.762104956
7.2,570.3788671,5.713520483
7.25,554.9455338,5.559457317
7.3,547.9788671,5.489917576
7.35,547.8122004,5.488253985
7.4,547.4122004,5.484261375
7.45,530.6455338,5.316914459
7.5,521.2122004,5.222770041
7.55,517.6122004,5.186843946
7.6,519.6122004,5.206802761
7.65,509.7455338,5.108342396
7.7,510.2788671,5.113664374
7.75,498.7788671,4.998914576
7.8,492.9455338,4.940712604
7.85,496.9122004,4.980289611
7.9,485.7122004,4.868546526
7.95,479.6122004,4.807691483
8,468.1122004,4.692974998
8.05,470.2455338,4.714254693
8.1,457.2455338,4.584589287
8.15,454.6122004,4.558326051
8.2,460.4122004,4.616172716
8.25,448.7122004,4.499486081
8.3,443.6122004,4.448627828
8.35,438.8788671,4.401428985
8.4,437.6788671,4.389463541
8.45,427.6122004,4.289094369
8.5,430.3788671,4.316677893
8.55,422.1788671,4.234927472
8.6,416.3455338,4.176777641
8.65,411.1788671,4.125277831
8.7,408.3455338,4.097037784
8.75,403.1122004,4.044880187
8.8,399.8122004,4.011993354
8.85,397.6455338,3.990402005
8.9,390.4122004,3.91832614
8.95,392.2122004,3.936261186
9,385.0788671,3.865188805
9.05,383.4455338,3.848916581
9.1,380.3788671,3.81836606
9.15,377.2455338,3.787153335
9.2,368.1455338,3.696515185
9.25,361.9788671,3.635104006
9.3,358.8455338,3.603903831
9.35,360.0122004,3.615520648
9.4,356.0788671,3.576356676
9.45,348.0122004,3.496049238
9.5,341.9455338,3.435663825
9.55,347.4788671,3.490740239
9.6,341.3455338,3.429692181
9.65,334.8788671,3.365337528
9.7,330.7455338,3.32420997
9.75,329.5122004,3.311939029
9.8,323.9788671,3.256891423
9.85,317.0122004,3.187598568
9.9,325.4122004,3.271149818
9.95,318.2788671,3.200196062
10,312.1455338,3.13920285
10.05,310.4788671,3.12263091
10.1,308.8455338,3.106391393
10.15,303.9788671,3.058010182
10.2,298.6788671,3.005331542
10.25,300.5455338,3.023883744
10.3,297.2455338,2.991087068
10.35,295.9122004,2.977837159
10.4,295.0455338,2.96922512
10.45,289.5455338,2.914579339
10.5,286.2455338,2.88179834
10.55,280.2788671,2.822540601
10.6,276.1122004,2.781169868
10.65,276.8788671,2.788781421
10.7,272.0788671,2.741131537
10.75,276.7788671,2.787788593
10.8,274.6122004,2.766278579
10.85,265.2122004,2.672987512
10.9,264.2455338,2.663396576
10.95,269.1455338,2.712018242
11,261.0122004,2.631320579
11.05,260.5122004,2.626360936
11.1,260.5788671,2.627022213
11.15,247.8455338,2.500770276
11.2,253.6788671,2.558594902
11.25,252.2788671,2.544714874
11.3,243.6455338,2.459151423
11.35,243.6455338,2.459151423
11.4,240.1788671,2.424809257
11.45,236.6455338,2.389816306
11.5,239.8122004,2.421177453
11.55,232.2788671,2.346584395
11.6,233.4455338,2.358133337
11.65,228.8122004,2.312274512
11.7,230.7455338,2.331407568
11.75,228.0122004,2.304358363
11.8,224.1455338,2.26610528
11.85,222.0122004,2.245006197
11.9,222.9788671,2.254566173
11.95,220.1788671,2.226877739
12,218.3455338,2.208752662
12.05,220.3122004,2.228196059
12.1,213.1455338,2.157362503
12.15,215.4455338,2.180089198
12.2,215.0455338,2.176136317
12.25,212.4455338,2.150446836
12.3,211.0788671,2.136946402
12.35,205.7788671,2.084611553
12.4,208.5122004,2.111597709
12.45,197.3122004,2.001080097
12.5,197.7788671,2.005681714
12.55,197.1122004,1.999108068
12.6,196.3788671,1.991877771
12.65,196.2122004,1.990234627
12.7,191.8455338,1.947198499
12.75,184.2455338,1.872365558
12.8,193.1455338,1.960007865
12.85,190.4122004,1.933078301
12.9,186.0788671,1.890408842
12.95,180.6455338,1.836951822
13,189.9455338,1.928481706
13.05,175.3788671,1.785185092
13.1,186.0122004,1.889752625
13.15,181.0788671,1.841213383
13.2,173.8455338,1.770123745
13.25,176.0788671,1.792062458
13.3,170.3122004,1.735435298
13.35,175.0122004,1.781583044
13.4,173.2122004,1.763904121
13.45,171.3788671,1.745904556
13.5,165.9122004,1.692275668
13.55,164.2122004,1.675612064
13.6,170.6455338,1.738706683
13.65,163.6788671,1.670385663
13.7,165.6788671,1.68998811
13.75,157.8122004,1.612941466
13.8,157.7455338,1.612289197
13.85,160.3122004,1.637409928
13.9,157.1455338,1.606419307
13.95,163.9788671,1.673325431
14,161.2455338,1.646548914
14.05,156.6788671,1.601854504
14.1,155.5455338,1.590771014
14.15,156.0122004,1.595334379
14.2,152.3122004,1.559170212
14.25,151.4788671,1.55103057
14.3,148.6455338,1.523371452
14.35,152.4788671,1.560798386
14.4,146.9455338,1.506788008
14.45,145.9788671,1.497362373
14.5,141.6122004,1.454823921
14.55,146.4122004,1.501587278
14.6,142.5122004,1.463585952
14.65,141.8122004,1.456770789
14.7,139.9122004,1.438281438
14.75,136.9122004,1.409115387
14.8,136.8788671,1.408791517
14.85,136.4122004,1.404257795
14.9,137.5788671,1.415593719
14.95,131.4122004,1.355738822
15,131.7788671,1.359293233
15.05,133.2122004,1.373193412
15.1,133.9455338,1.380308557
15.15,130.1455338,1.343464591
15.2,134.4122004,1.384837562
15.25,128.4122004,1.32668023
15.3,129.5122004,1.33733022
15.35,125.9455338,1.30281958
15.4,122.4122004,1.268694523
15.45,123.6455338,1.280598654
15.5,128.9122004,1.331520429
15.55,123.2788671,1.277058737
15.6,123.9122004,1.283173586
15.65,120.1122004,1.24651722
15.7,116.8122004,1.214751056
15.75,121.4122004,1.25904859
15.8,117.8122004,1.224370274
15.85,118.8122004,1.233995546
15.9,118.5122004,1.231107337
15.95,120.1788671,1.247159621
16,114.9455338,1.196811883
16.05,118.3788671,1.229823861
16.1,116.6788671,1.213468959
16.15,113.3122004,1.181133603
16.2,115.0122004,1.197452185
16.25,107.7788671,1.128157582
16.3,112.9455338,1.177616436
16.35,109.6455338,1.146004109
16.4,106.6788671,1.117653426
16.45,110.6122004,1.155256248
16.5,109.4122004,1.143771862
16.55,103.6788671,1.08905549
16.6,109.6788671,1.146323035
16.65,105.6788671,1.108112542
16.7,102.4122004,1.07700371
16.75,110.3788671,1.153022351
16.8,100.6788671,1.060535025
16.85,101.3122004,1.066549252
16.9,99.84553377,1.052627271
16.95,99.31220044,1.047569772
17,98.0788671,1.035884901
17.05,100.1122004,1.05515704
17.1,100.0122004,1.054208298
17.15,98.24553377,1.03746306
17.2,97.81220044,1.033360424
17.25,96.21220044,1.018228787
17.3,92.8788671,0.986792535
17.35,94.64553377,1.003438497
17.4,97.1788671,1.027367671
17.45,94.3788671,1.000923657
17.5,93.7788671,0.995268156
17.55,90.4788671,0.964237341
17.6,94.44553377,1.001552293
17.65,92.4788671,0.983028584
17.7,90.61220044,0.96548858
17.75,92.71220044,0.985223996
17.8,91.61220044,0.974879807
17.85,88.4788671,0.945495692
17.9,86.81220044,0.929917698
17.95,88.1788671,0.942688905
18,88.91220044,0.949552026
18.05,84.41220044,0.907553342
18.1,82.61220044,0.890835943
18.15,86.01220044,0.922453779
18.2,84.64553377,0.909723997
18.25,84.84553377,0.911585197
18.3,86.01220044,0.922453779
18.35,79.04553377,0.857864064
18.4,86.64553377,0.928361979
18.45,83.64553377,0.900426923
18.5,79.11220044,0.858478385
18.55,78.5788671,0.853566018
18.6,82.3788671,0.888672541
18.65,79.31220044,0.860321815
18.7,78.1788671,0.849885073
18.75,78.5788671,0.853566018
18.8,76.74553377,0.836719073
18.85,80.71220044,0.873245121
18.9,77.81220044,0.846513417
18.95,73.31220044,0.805344016
19,72.8788671,0.801401297
19.05,75.41220044,0.824506585
19.1,75.91220044,0.829082221
19.15,74.71220044,0.818109039
19.2,77.9788671,0.848045684
19.25,74.21220044,0.813545438
19.3,73.74553377,0.80929073
19.35,71.01220044,0.784464386
19.4,74.51220044,0.816282986
19.45,70.11220044,0.77632672
19.5,76.1788671,0.831524558
19.55,68.51220044,0.761907653
19.6,69.04553377,0.76670704
19.65,69.4788671,0.770611711
19.7,73.44553377,0.806557967
19.75,69.61220044,0.771814068
19.8,68.1788671,0.758911657
19.85,69.64553377,0.772114725
19.9,68.24553377,0.759510631
19.95,67.21220044,0.750239362
20,69.2788671,0.768808984
20.05,69.5788671,0.771513439
20.1,68.01220044,0.757414716
20.15,62.0788671,0.704620242
20.2,64.71220044,0.727927194
20.25,67.3788671,0.751732854
20.3,64.74553377,0.728223541
20.35,65.4788671,0.734751192
20.4,63.8788671,0.720529026
20.45,63.31220044,0.715510016
20.5,60.0788671,0.687064872
20.55,63.6788671,0.718756511
20.6,64.41220044,0.725261517
20.65,65.8788671,0.738318105
20.7,63.81220044,0.719938055
20.75,63.21220044,0.714625314
20.8,57.84553377,0.667623913
20.85,61.94553377,0.703445823
20.9,60.7788671,0.693194186
20.95,60.8788671,0.694071147
21,59.04553377,0.678047651
21.05,60.01220044,0.686481996
21.1,60.4788671,0.69056531
21.15,59.0788671,0.678337943
21.2,58.7788671,0.675726744
21.25,61.34553377,0.698168004
21.3,58.2788671,0.671381967
21.35,56.94553377,0.659841263
21.4,55.0788671,0.643800646
21.45,59.01220044,0.677757398
21.5,56.94553377,0.659841263
21.55,59.74553377,0.684152024
21.6,53.54553377,0.630732534
21.65,57.7788671,0.66704637
21.7,53.1788671,0.627622738
21.75,52.54553377,0.622265557
21.8,56.54553377,0.656392299
21.85,52.71220044,0.623673567
21.9,53.8788671,0.63356479
21.95,48.6788671,0.589978238
22,54.21220044,0.6364019
22.05,55.64553377,0.648655266
22.1,53.61220044,0.631298594
22.15,51.51220044,0.613564822
22.2,51.5788671,0.614124633
22.25,50.24553377,0.602969715
22.3,56.04553377,0.652089945
22.35,52.74553377,0.623955322
22.4,51.24553377,0.611327722
22.45,52.61220044,0.622828608
22.5,47.41220044,0.579571209
22.55,49.34553377,0.59549079
22.6,51.14553377,0.6104897
22.65,48.51220044,0.588603831
22.7,51.24553377,0.611327722
22.75,49.2788671,0.594938472
22.8,52.44553377,0.621421365
22.85,53.54553377,0.630732534
22.9,50.94553377,0.608815122
22.95,44.11220044,0.552901197
23,51.14553377,0.6104897
23.05,48.14553377,0.585585479
23.1,49.44553377,0.596319706
23.15,48.91220044,0.59190493
23.2,47.61220044,0.58120846
23.25,48.0788671,0.585037484
23.3,47.01220044,0.576303575
23.35,45.9788671,0.567905567
23.4,45.9788671,0.567905567
23.45,46.3788671,0.571148879
23.5,44.0788671,0.55263529
23.55,44.94553377,0.559572347
23.6,43.81220044,0.550510674
23.65,42.8788671,0.543112176
23.7,45.24553377,0.561984825
23.75,43.91220044,0.551306853
23.8,45.2788671,0.562253227
23.85,42.14553377,0.537341337
23.9,40.6788671,0.525916471
23.95,44.2788671,0.554231827
24,43.51220044,0.548126144
24.05,42.14553377,0.537341337
24.1,42.04553377,0.536557361
24.15,42.54553377,0.540484371
24.2,42.24553377,0.538126029
24.25,41.31220044,0.530830389
24.3,42.34553377,0.538911434
24.35,40.74553377,0.526432297
24.4,40.91220044,0.527723342
24.45,42.94553377,0.543638665
24.5,43.9788671,0.551838007
24.55,41.6788671,0.533688961
24.6,40.71220044,0.526174341
24.65,42.1788671,0.537602822
24.7,38.21220044,0.507078236
24.75,41.81220044,0.534730887
24.8,40.9788671,0.528240349
24.85,39.61220044,0.517710106
24.9,39.91220044,0.520009121
24.95,38.04553377,0.505823462
25,34.74553377,0.481493845
25.05,35.71220044,0.48851534
25.1,35.5788671,0.487541475
25.15,37.14553377,0.49908935
25.2,37.1788671,0.499337488
25.25,38.24553377,0.507329475
25.3,36.51220044,0.494393759
25.35,36.8788671,0.49710783
25.4,39.74553377,0.518731006
25.45,36.6788671,0.495625908
25.5,41.0788671,0.529016487
25.55,37.5788671,0.502322841
25.6,33.8788671,0.475277682
25.65,36.71220044,0.495872642
25.7,36.0788671,0.491202175
25.75,35.4788671,0.486812194
25.8,34.0788671,0.476705391
25.85,35.84553377,0.489490899
25.9,34.41220044,0.479094004
25.95,35.64553377,0.488028195
26,31.3788671,0.457793011
26.05,38.44553377,0.508838892
26.1,32.94553377,0.468670386
26.15,33.24553377,0.470784093
26.2,35.71220044,0.48851534
26.25,34.61220044,0.480532572
26.3,31.44553377,0.458250227
26.35,34.31220044,0.478376234
26.4,35.81220044,0.489246851
26.45,33.8788671,0.475277682
26.5,33.04553377,0.469373882
26.55,31.74553377,0.460314026
26.6,30.7788671,0.453701418
26.65,33.11220044,0.469843477
26.7,35.21220044,0.484872166
26.75,31.04553377,0.455514685
26.8,29.91220044,0.447867262
26.85,28.04553377,0.435621748
26.9,28.74553377,0.440160973
26.95,31.31220044,0.45733631
27,31.8788671,0.461234569
27.05,34.4788671,0.47957308
27.1,32.0788671,0.462619155
27.15,31.1788671,0.456424459
27.2,30.34553377,0.450772951
27.25,30.54553377,0.452121747
27.3,29.54553377,0.445426725
27.35,30.31220044,0.450548622
27.4,29.6788671,0.446312252
27.45,29.61220044,0.44586921
27.5,32.1788671,0.463313134
27.55,28.6788671,0.439725884
27.6,28.1788671,0.436481347
27.65,28.8788671,0.441032887
27.7,32.2788671,0.46400823
27.75,28.51220044,0.438640705
27.8,28.44553377,0.438207657
27.85,28.7788671,0.440378735
27.9,28.2788671,0.437127606
27.95,28.91220044,0.441251226
28,31.3788671,0.457793011
28.05,27.14553377,0.429882672
28.1,26.94553377,0.42862255
28.15,26.71220044,0.427159544
28.2,27.0788671,0.429462007
28.25,29.0788671,0.442345072
28.3,28.44553377,0.438207657
28.35,27.9788671,0.435192844
28.4,24.0788671,0.411205904
28.45,27.5788671,0.432632063
28.5,26.9788671,0.428832179
28.55,29.0788671,0.442345072
28.6,24.61220044,0.414351484
28.65,27.2788671,0.430725864
28.7,28.61220044,0.439291375
28.75,26.5788671,0.426327021
28.8,27.41220044,0.431571529
28.85,26.14553377,0.423639003
28.9,26.71220044,0.427159544
28.95,25.81220044,0.421589943
29,28.51220044,0.438640705
29.05,24.5788671,0.414153573
29.1,27.2788671,0.430725864
29.15,27.7788671,0.433909734
29.2,26.9788671,0.428832179
29.25,27.61220044,0.432844628
29.3,22.5788671,0.402606054
29.35,27.14553377,0.429882672
29.4,24.9788671,0.416539904
29.45,22.2788671,0.400931295
29.5,26.3788671,0.42508302
29.55,21.14553377,0.394746084
29.6,26.74553377,0.427368072
29.65,22.64553377,0.402980311
29.7,22.61220044,0.402793088
29.75,24.11220044,0.411401181
29.8,22.94553377,0.404673774
29.85,24.11220044,0.411401181
29.9,23.34553377,0.406955164
29.95,24.14553377,0.411596637
30,23.04553377,0.405241624
30.05,25.0788671,0.417140346
30.1,23.51220044,0.407913555
30.15,22.31220044,0.401116616
30.2,24.24553377,0.412184063
30.25,24.31220044,0.412576563
30.3,23.51220044,0.407913555
30.35,24.9788671,0.416539904
30.4,21.24553377,0.39528266
30.45,23.0788671,0.405431279
30.5,20.41220044,0.390866862
30.55,21.6788671,0.397628519
30.6,23.74553377,0.409262933
30.65,25.5788671,0.42016539
30.7,21.11220044,0.394567626
30.75,21.34553377,0.395821036
30.8,22.71220044,0.403355322
30.85,21.91220044,0.398905457
30.9,18.51220044,0.381288956
30.95,22.04553377,0.399639421
31,22.34553377,0.401302129
31.05,19.54553377,0.386411568
31.1,22.04553377,0.399639421
31.15,21.3788671,0.396000893
31.2,23.7788671,0.409456424
31.25,21.24553377,0.39528266
31.3,20.74553377,0.392617916
31.35,21.54553377,0.396903154
31.4,21.04553377,0.394211314
31.45,24.0788671,0.411205904
31.5,20.3788671,0.390692889
31.55,19.6788671,0.387087706
31.6,18.24553377,0.380001397
31.65,20.14553377,0.389480891
31.7,20.8788671,0.393324065
31.75,21.0788671,0.39438937
31.8,21.4788671,0.396541655
31.85,20.51220044,0.39139002
31.9,18.74553377,0.382427267
31.95,19.61220044,0.38674921
32,21.0788671,0.39438937
32.05,20.51220044,0.39139002
32.1,19.11220044,0.384237858
32.15,21.54553377,0.396903154
32.2,19.24553377,0.384902803
32.25,19.14553377,0.384403769
32.3,20.04553377,0.388964592
32.35,18.6788671,0.382100927
32.4,17.8788671,0.378254544
32.45,17.44553377,0.376225698
32.5,18.0788671,0.379203975
32.55,20.94553377,0.393678358
32.6,18.2788671,0.380161557
32.65,21.34553377,0.395821036
32.7,17.74553377,0.377626148
32.75,17.34553377,0.375763044
32.8,18.41220044,0.380804443
32.85,18.74553377,0.382427267
32.9,18.8788671,0.383082593
32.95,17.34553377,0.375763044
33,18.24553377,0.380001397
33.05,18.61220044,0.381775473
33.1,19.91220044,0.388279131
33.15,21.3788671,0.396000893
33.2,19.5788671,0.386580282
33.25,17.51220044,0.376535294
33.3,21.01220044,0.39403346
33.35,20.04553377,0.388964592
33.4,16.91220044,0.373782508
33.45,19.34553377,0.385403787
33.5,15.1788671,0.366266176
33.55,18.21220044,0.379841461
33.6,19.84553377,0.387937665
33.65,17.91220044,0.378412214
33.7,18.31220044,0.380321942
33.75,18.81220044,0.38275449
33.8,18.44553377,0.380965724
33.85,19.84553377,0.387937665
33.9,15.34553377,0.366960014
33.95,17.84553377,0.378097102
34,18.54553377,0.381450906
34.05,19.8788671,0.388108293
34.1,15.81220044,0.368935874
34.15,16.3788671,0.371399838
34.2,17.04553377,0.374387678
34.25,16.41220044,0.37154696
34.3,18.71220044,0.382263987
34.35,16.74553377,0.373031368
34.4,17.51220044,0.376535294
34.45,14.01220044,0.361587178
34.5,19.31220044,0.385236576
34.55,15.2788671,0.366681727
34.6,16.24553377,0.370813764
34.65,13.6788671,0.360308551
34.7,16.14553377,0.37037675
34.75,16.54553377,0.372137851
34.8,16.74553377,0.373031368
34.85,15.8788671,0.369222092
34.9,15.24553377,0.366542959
34.95,15.81220044,0.368935874
35,18.74553377,0.382427267
35.05,16.81220044,0.373331112
35.1,15.04553377,0.365715627
35.15,15.41220044,0.3672393
35.2,15.14553377,0.366128161
35.25,16.14553377,0.37037675
35.3,14.94553377,0.365305364
35.35,16.01220044,0.369797468
35.4,14.91220044,0.365169116
35.45,12.5788671,0.356277842
35.5,15.7788671,0.368793134
35.55,13.51220044,0.359679117
35.6,14.01220044,0.361587178
35.65,14.91220044,0.365169116
35.7,16.54553377,0.372137851
35.75,16.8788671,0.373631806
35.8,13.11220044,0.358195605
35.85,13.81220044,0.36081685
35.9,12.24553377,0.355114659
35.95,15.44553377,0.367379317
36,12.54553377,0.356160291
36.05,17.94553377,0.378570112
36.1,15.0788671,0.365852886
36.15,13.51220044,0.359679117
36.2,16.91220044,0.373782508
36.25,13.74553377,0.360562174
36.3,11.54553377,0.352762025
36.35,15.8788671,0.369222092
36.4,14.74553377,0.364491684
36.45,14.31220044,0.362760278
36.5,15.3788671,0.367099532
36.55,13.51220044,0.359679117
36.6,15.74553377,0.36865064
36.65,13.84553377,0.360944583
36.7,11.71220044,0.353311017
36.75,14.01220044,0.361587178
36.8,14.81220044,0.364761894
36.85,12.2788671,0.355229741
36.9,14.41220044,0.363155976
36.95,15.51220044,0.367660098
37,13.51220044,0.359679117
37.05,15.81220044,0.368935874
37.1,13.91220044,0.361200835
37.15,13.21220044,0.358562875
37.2,13.04553377,0.3579521
37.25,15.61220044,0.368083131
37.3,17.0788671,0.374539559
37.35,16.61220044,0.372434734
37.4,12.7788671,0.356988873
37.45,11.51220044,0.352653069
37.5,14.5788671,0.363820626
37.55,13.84553377,0.360944583
37.6,13.61220044,0.360055983
37.65,15.14553377,0.366128161
37.7,15.84553377,0.36907886
37.75,15.84553377,0.36907886
37.8,12.01220044,0.354316817
37.85,13.0788671,0.358073718
37.9,13.1788671,0.358440183
37.95,12.34553377,0.355460731
38,15.9788671,0.369653257
38.05,13.8788671,0.361072578
38.1,15.24553377,0.366542959
38.15,12.3788671,0.355576639
38.2,15.84553377,0.36907886
38.25,14.04553377,0.361716482
38.3,14.44553377,0.363288392
38.35,11.9788671,0.354203948
38.4,12.0788671,0.354543388
38.45,14.11220044,0.361975871
38.5,16.71220044,0.372881852
38.55,12.9788671,0.357709673
38.6,11.41220044,0.352327891
38.65,13.31220044,0.358932555
38.7,11.7788671,0.353532576
38.75,12.24553377,0.355114659
38.8,10.61220044,0.349818511
38.85,9.978867102,0.347949551
38.9,13.4788671,0.359554025
38.95,10.2788671,0.348821763
39,11.6788671,0.353200658
39.05,12.34553377,0.355460731
39.1,11.94553377,0.354091357
39.15,11.14553377,0.35147319
39.2,12.54553377,0.356160291
39.25,10.81220044,0.35043042
39.3,12.64553377,0.356513763
39.35,9.678867102,0.347101077
39.4,13.01220044,0.357830752
39.45,13.54553377,0.359804474
39.5,8.345533769,0.343621746
39.55,12.01220044,0.354316817
39.6,12.44553377,0.355809278
39.65,12.04553377,0.354429964
39.7,11.9788671,0.354203948
39.75,10.41220044,0.349216985
39.8,13.8788671,0.361072578
39.85,12.41220044,0.355692821
39.9,9.812200436,0.347475235
39.95,11.0788671,0.351262353
40,11.6788671,0.353200658
40.05,10.7788671,0.350327716
40.1,12.84553377,0.357228057
40.15,12.41220044,0.355692821
40.2,8.245533769,0.343380247
40.25,11.71220044,0.353311017
40.3,12.1788671,0.354885322
40.35,11.4788671,0.352544395
40.4,11.14553377,0.35147319
40.45,12.2788671,0.355229741
40.5,9.012200436,0.345301443
40.55,10.24553377,0.348723683
40.6,13.51220044,0.359679117
40.65,13.2788671,0.358809061
40.7,12.11220044,0.354657089
40.75,9.078867102,0.34547604
40.8,11.14553377,0.35147319
40.85,11.21220044,0.351685165
40.9,13.61220044,0.360055983
40.95,7.912200436,0.3425951
41,10.2788671,0.348821763
41.05,10.3788671,0.349117744
41.1,11.0788671,0.351262353
41.15,13.21220044,0.358562875
41.2,8.678867102,0.34444649
41.25,9.812200436,0.347475235
41.3,9.278867102,0.346007007
41.35,10.0788671,0.348237659
41.4,12.1788671,0.354885322
41.45,11.7788671,0.353532576
41.5,11.71220044,0.353311017
41.55,8.912200436,0.345041799
41.6,9.712200436,0.347194175
41.65,8.145533769,0.343141491
41.7,9.045533769,0.345388592
41.75,11.24553377,0.351791578
41.8,11.1788671,0.351579035
41.85,7.878867102,0.342518271
41.9,10.8788671,0.350636687
41.95,8.778867102,0.344699814
42,9.145533769,0.345651833
42.05,9.578867102,0.346823558
42.1,9.345533769,0.346186382
42.15,7.645533769,0.341989078
42.2,11.6788671,0.353200658
42.25,11.34553377,0.352112517
42.3,10.7788671,0.350327716
42.35,8.112200436,0.343062517
42.4,9.845533769,0.347569511
42.45,8.845533769,0.344870204
42.5,9.578867102,0.346823558
42.55,9.312200436,0.346096545
42.6,7.945533769,0.342672237
42.65,8.345533769,0.343621746
42.7,9.112200436,0.345563787
42.75,9.712200436,0.347194175
42.8,9.445533769,0.346457677
42.85,8.112200436,0.343062517
42.9,9.045533769,0.345388592
42.95,11.11220044,0.351367629
43,9.178867102,0.345740179
43.05,7.512200436,0.341693469
43.1,8.878867102,0.344955851
43.15,9.745533769,0.347287567
43.2,9.245533769,0.345917766
43.25,9.112200436,0.345563787
43.3,6.012200436,0.338711923
43.35,10.2788671,0.348821763
43.4,8.012200436,0.34282743
43.45,8.812200436,0.344784859
43.5,8.612200436,0.344279117
43.55,9.878867102,0.34766408
43.6,9.412200436,0.346366948
43.65,8.778867102,0.344699814
43.7,7.678867102,0.342063753
43.75,9.312200436,0.346096545
43.8,9.445533769,0.346457677
43.85,9.045533769,0.345388592
43.9,7.078867102,0.340766998
43.95,7.645533769,0.341989078
44,7.845533769,0.342441749
44.05,8.178867102,0.343220771
44.1,8.478867102,0.343948005
44.15,7.878867102,0.342518271
44.2,9.778867102,0.347381254
44.25,10.31220044,0.348920133
44.3,7.678867102,0.342063753
44.35,8.845533769,0.344870204
44.4,5.845533769,0.338420061
44.45,9.278867102,0.346007007
44.5,6.145533769,0.338951132
44.55,8.312200436,0.343540942
44.6,6.378867102,0.339381947
44.65,7.045533769,0.34069791
44.7,7.912200436,0.3425951
44.75,7.778867102,0.342289627
44.8,9.278867102,0.346007007
44.85,8.612200436,0.344279117
44.9,10.21220044,0.348625895
44.95,8.878867102,0.344955851
45,7.178867102,0.340976135
45.05,7.112200436,0.340836399
45.1,8.612200436,0.344279117
45.15,6.045533769,0.338771249
45.2,7.212200436,0.34104647
45.25,7.612200436,0.341914713
45.3,10.34553377,0.349018793
45.35,9.378867102,0.346276517
45.4,6.078867102,0.338830892
45.45,6.612200436,0.339828237
45.5,7.378867102,0.341402811
45.55,7.478867102,0.34162034
45.6,8.945533769,0.345128047
45.65,5.712200436,0.338192304
45.7,8.178867102,0.343220771
45.75,8.612200436,0.344279117
45.8,6.812200436,0.340223042
45.85,9.245533769,0.345917766
45.9,6.412200436,0.339444756
45.95,7.812200436,0.342365534
46,8.545533769,0.344112955
46.05,9.178867102,0.345740179
46.1,6.045533769,0.338771249
46.15,7.878867102,0.342518271
46.2,7.478867102,0.34162034
46.25,8.545533769,0.344112955
46.3,6.912200436,0.34042468
46.35,8.512200436,0.344030328
46.4,7.612200436,0.341914713
46.45,8.345533769,0.343621746
46.5,6.745533769,0.340090185
46.55,7.278867102,0.341188074
46.6,9.378867102,0.346276517
46.65,9.345533769,0.346186382
46.7,8.912200436,0.345041799
46.75,5.245533769,0.337435436
46.8,6.978867102,0.34056067
46.85,5.912200436,0.338535851
46.9,7.145533769,0.340906111
46.95,6.245533769,0.339133868
47,6.512200436,0.339635079
47.05,6.778867102,0.340156457
47.1,6.545533769,0.33969915
47.15,11.6788671,0.353200658
47.2,5.578867102,0.337969654
47.25,9.312200436,0.346096545
47.3,6.612200436,0.339828237
47.35,5.578867102,0.337969654
47.4,9.245533769,0.345917766
47.45,7.178867102,0.340976135
47.5,7.212200436,0.34104647
47.55,9.345533769,0.346186382
47.6,8.678867102,0.34444649
47.65,6.678867102,0.339958582
47.7,7.912200436,0.3425951
47.75,7.312200436,0.341259342
47.8,4.912200436,0.33693335
47.85,7.045533769,0.34069791
47.9,6.445533769,0.339507882
47.95,8.645533769,0.344362653
48,7.078867102,0.340766998
48.05,9.512200436,0.346640025
48.1,7.745533769,0.342214027
48.15,7.245533769,0.341117116
48.2,6.645533769,0.339893252
48.25,7.978867102,0.34274968
48.3,5.278867102,0.337487414
48.35,7.412200436,0.34147501
48.4,7.445533769,0.34154752
48.45,8.012200436,0.34282743
48.5,7.712200436,0.342138736
48.55,6.112200436,0.338890853
48.6,8.478867102,0.343948005
48.65,5.845533769,0.338420061
48.7,6.078867102,0.338830892
48.75,3.378867102,0.335041468
48.8,9.712200436,0.347194175
48.85,6.745533769,0.340090185
48.9,6.512200436,0.339635079
48.95,6.578867102,0.339763536
49,6.412200436,0.339444756
49.05,6.545533769,0.33969915
49.1,6.445533769,0.339507882
49.15,7.812200436,0.342365534
49.2,6.345533769,0.339319453
49.25,4.445533769,0.336284683
49.3,5.312200436,0.337539714
49.35,5.412200436,0.337698538
49.4,6.745533769,0.340090185
49.45,3.978867102,0.335699642
49.5,5.345533769,0.337592334
49.55,7.612200436,0.341914713
49.6,7.078867102,0.340766998
49.65,4.945533769,0.336982109
49.7,9.278867102,0.346007007
49.75,7.878867102,0.342518271
49.8,7.912200436,0.3425951
49.85,5.345533769,0.337592334
49.9,7.112200436,0.340836399
49.95,7.278867102,0.341188074
50,5.112200436,0.337230738
50.05,5.145533769,0.33728143
50.1,8.745533769,0.344615071
50.15,6.212200436,0.339072639
50.2,7.445533769,0.34154752
50.25,6.612200436,0.339828237
50.3,4.512200436,0.336373463
50.35,6.512200436,0.339635079
50.4,6.612200436,0.339828237
50.45,7.812200436,0.342365534
50.5,7.145533769,0.340906111
50.55,8.545533769,0.344112955
50.6,6.878867102,0.340357154
50.65,6.312200436,0.339257275
50.7,8.378867102,0.343702855
50.75,5.112200436,0.337230738
50.8,5.712200436,0.338192304
50.85,6.545533769,0.33969915
50.9,5.878867102,0.338477797
50.95,6.512200436,0.339635079
51,5.078867102,0.337180367
51.05,7.812200436,0.342365534
51.1,5.145533769,0.33728143
51.15,7.312200436,0.341259342
51.2,5.912200436,0.338535851
51.25,5.845533769,0.338420061
51.3,6.012200436,0.338711923
51.35,6.345533769,0.339319453
51.4,4.412200436,0.33624078
51.45,6.612200436,0.339828237
51.5,5.478867102,0.337806024
51.55,8.078867102,0.342983849
51.6,7.645533769,0.341989078
51.65,5.712200436,0.338192304
51.7,6.945533769,0.340492518
51.75,7.512200436,0.341693469
51.8,6.312200436,0.339257275
51.85,8.812200436,0.344784859
51.9,7.845533769,0.342441749
51.95,5.812200436,0.338362643
52,6.878867102,0.340357154
52.05,6.512200436,0.339635079
52.1,7.345533769,0.341330921
52.15,4.578867102,0.33646354
52.2,6.312200436,0.339257275
52.25,3.578867102,0.335249072
52.3,7.312200436,0.341259342
52.35,5.012200436,0.337080593
52.4,2.078867102,0.333980957
52.45,7.245533769,0.341117116
52.5,6.512200436,0.339635079
52.55,6.312200436,0.339257275
52.6,6.478867102,0.339571322
52.65,4.345533769,0.336153949
52.7,6.545533769,0.33969915
52.75,5.812200436,0.338362643
52.8,7.078867102,0.340766998
52.85,7.478867102,0.34162034
52.9,5.078867102,0.337180367
52.95,5.978867102,0.338652914
53,5.245533769,0.337435436
53.05,4.678867102,0.336601086
53.1,5.578867102,0.337969654
53.15,4.512200436,0.336373463
53.2,5.145533769,0.33728143
53.25,3.878867102,0.335582586
53.3,5.512200436,0.337860247
53.35,4.545533769,0.336418339
53.4,7.112200436,0.340836399
53.45,5.212200436,0.337383779
53.5,5.712200436,0.338192304
53.55,3.345533769,0.335008016
53.6,4.812200436,0.336789012
53.65,5.745533769,0.338248765
53.7,5.978867102,0.338652914
53.75,7.978867102,0.34274968
53.8,5.678867102,0.338136162
53.85,7.012200436,0.340629134
53.9,6.978867102,0.34056067
53.95,6.612200436,0.339828237
54,1.678867102,0.333755855
54.05,5.578867102,0.337969654
54.1,5.978867102,0.338652914
54.15,6.078867102,0.338830892
54.2,4.712200436,0.336647582
54.25,5.578867102,0.337969654
54.3,3.145533769,0.334814201
54.35,2.812200436,0.334517501
54.4,6.145533769,0.338951132
54.45,5.312200436,0.337539714
54.5,8.678867102,0.34444649
54.55,4.078867102,0.335819634
54.6,3.745533769,0.335431086
54.65,5.478867102,0.337806024
54.7,5.478867102,0.337806024
54.75,6.378867102,0.339381947
54.8,3.945533769,0.335660297
54.85,3.012200436,0.334691569
54.9,4.978867102,0.33703119
54.95,4.578867102,0.33646354
55,4.912200436,0.33693335
55.05,4.278867102,0.336068418
55.1,6.612200436,0.339828237
55.15,4.912200436,0.33693335
55.2,5.578867102,0.337969654
55.25,3.112200436,0.33478305
55.3,3.578867102,0.335249072
55.35,6.645533769,0.339893252
55.4,4.178867102,0.335942561
55.45,5.945533769,0.338594224
55.5,5.845533769,0.338420061
55.55,5.178867102,0.337332444
55.6,6.012200436,0.338711923
55.65,3.345533769,0.335008016
55.7,6.312200436,0.339257275
55.75,5.445533769,0.337752121
55.8,4.078867102,0.335819634
55.85,6.412200436,0.339444756
55.9,6.078867102,0.338830892
55.95,5.912200436,0.338535851
56,6.378867102,0.339381947
56.05,8.045533769,0.342905486
56.1,5.078867102,0.337180367
56.15,5.445533769,0.337752121
56.2,4.212200436,0.335984188
56.25,5.345533769,0.337592334
56.3,6.278867102,0.339195413
56.35,5.445533769,0.337752121
56.4,4.812200436,0.336789012
56.45,6.012200436,0.338711923
56.5,4.678867102,0.336601086
56.55,3.812200436,0.335506182
56.6,5.012200436,0.337080593
56.65,4.078867102,0.335819634
56.7,3.212200436,0.334877491
56.75,8.578867102,0.344195885
56.8,4.512200436,0.336373463
56.85,4.912200436,0.33693335
56.9,5.178867102,0.337332444
56.95,2.778867102,0.334489643
57,3.878867102,0.335582586
57.05,5.312200436,0.337539714
57.1,5.545533769,0.33791479
57.15,3.745533769,0.335431086
57.2,6.478867102,0.339571322
57.25,4.312200436,0.336111021
57.3,4.945533769,0.336982109
57.35,2.845533769,0.334545688
57.4,4.412200436,0.33624078
57.45,5.312200436,0.337539714
57.5,3.445533769,0.335109357
57.55,2.145533769,0.334023117
57.6,0.578867102,0.333383593
57.65,3.678867102,0.335357298
57.7,3.845533769,0.335544221
57.75,4.478867102,0.336328911
57.8,4.278867102,0.336068418
57.85,5.645533769,0.33808034
57.9,3.245533769,0.33490963
57.95,3.612200436,0.33528482
58,5.912200436,0.338535851
58.05,4.312200436,0.336111021
58.1,2.078867102,0.333980957
58.15,7.045533769,0.34069791
58.2,5.045533769,0.337130319
58.25,3.978867102,0.335699642
58.3,5.445533769,0.337752121
58.35,4.712200436,0.336647582
58.4,4.512200436,0.336373463
58.45,4.778867102,0.336741545
58.5,6.078867102,0.338830892
58.55,6.445533769,0.339507882
58.6,3.945533769,0.335660297
58.65,3.445533769,0.335109357
58.7,4.645533769,0.336554913
58.75,2.545533769,0.334303882
58.8,0.445533769,0.333363107
58.85,1.245533769,0.333565955
58.9,3.712200436,0.335394028
58.95,5.012200436,0.337080593
59,4.445533769,0.336284683
59.05,6.878867102,0.340357154
59.1,4.278867102,0.336068418
59.15,4.078867102,0.335819634
59.2,2.545533769,0.334303882
59.25,2.878867102,0.334574205
59.3,3.578867102,0.335249072
59.35,4.112200436,0.335860284
59.4,4.245533769,0.33602614
59.45,4.745533769,0.336694402
59.5,3.078867102,0.334752227
59.55,6.345533769,0.339319453
59.6,5.478867102,0.337806024
59.65,4.978867102,0.33703119
59.7,3.512200436,0.335178559
59.75,4.612200436,0.336509064
59.8,6.578867102,0.339763536
59.85,2.878867102,0.334574205
59.9,4.812200436,0.336789012
59.95,3.978867102,0.335699642
60,5.312200436,0.337539714
0,71574.52941,715.7480884
0.05,70312.52941,703.1281386
0.1,65828.92941,658.2923323
0.15,61591.12941,615.9145413
0.2,57785.32941,577.8567552
0.25,54024.72941,540.2509961
0.3,51087.12941,510.875209
0.35,48325.52941,483.2594327
0.4,45783.72941,457.8416625
0.45,43505.32941,435.0578912
0.5,41271.72941,412.72214
0.55,39560.72941,395.6123496
0.6,37911.92941,379.1245695
0.65,36254.32941,362.5488107
0.7,35060.12941,350.6069986
0.75,33651.72941,336.5232373
0.8,32512.72941,325.1334455
0.85,31417.72941,314.1836599
0.9,30487.52941,304.8818541
0.95,29362.52941,293.6321054
1,28799.12941,287.9982387
1.05,28047.72941,280.4844247
1.1,27214.92941,272.1566429
1.15,26590.32941,265.9108155
1.2,25972.52941,259.7329944
1.25,25349.52941,253.5031837
1.3,24500.92941,245.0174569
1.35,23763.12941,237.6397104
1.4,23162.12941,231.6299287
1.45,22489.52941,224.904187
1.5,21796.32941,217.9724698
1.55,21302.92941,213.0386823
1.6,20594.92941,205.959005
1.65,20072.12941,200.7312579
1.7,19634.72941,196.3574799
1.75,19146.32941,191.4737397
1.8,18714.12941,187.1519809
1.85,18215.32941,182.1642735
1.9,17789.32941,177.9045365
1.95,17372.92941,173.7408059
2,16877.32941,168.7851439
2.05,16578.72941,165.7993573
2.1,16232.32941,162.3356147
2.15,15715.92941,157.1720195
2.2,15486.52941,154.878208
2.25,15054.12941,150.5545789
2.3,14758.52941,147.598845
2.35,14325.72941,143.2712543
2.4,14044.72941,140.4615336
2.45,13776.92941,137.7838104
2.5,13347.92941,133.4942769
2.55,13222.92941,132.2444185
2.6,12912.52941,129.140782
2.65,12667.12941,126.687082
2.7,12290.92941,122.9255652
2.75,12136.72941,121.3837719
2.8,11895.92941,118.9761054
2.85,11674.92941,116.7664236
2.9,11306.32941,113.0809819
2.95,11153.92941,111.5572236
3,10962.32941,109.6415369
3.05,10761.92941,107.6378765
3.1,10499.32941,105.0123412
3.15,10339.12941,103.4106363
3.2,10115.32941,101.1730642
3.25,9969.129412,99.71135403
3.3,9812.929412,98.14967328
3.35,9693.729412,96.95792382
3.4,9407.929412,94.10055038
3.45,9288.129412,92.90282448
3.5,9091.529412,90.93728996
3.55,8915.129412,89.17372507
3.6,8748.129412,87.50415316
3.65,8558.329412,85.60665997
3.7,8502.929412,85.05281217
3.75,8368.129412,83.70519091
3.8,8225.729412,82.28160448
3.85,7999.129412,80.01629293
3.9,7892.129412,78.94663175
3.95,7763.929412,77.66505
4,7658.329412,76.60940502
4.05,7538.529412,75.41181982
4.1,7343.329412,73.46052467
4.15,7226.929412,72.29696309
4.2,7207.929412,72.107036
4.25,7074.529412,70.7735589
4.3,6920.729412,69.23618677
4.35,6859.329412,68.62244529
4.4,6653.529412,66.56534657
4.45,6503.329412,65.06404033
4.5,6455.329412,64.58426884
4.55,6354.129412,63.57276192
4.6,6287.929412,62.91109305
4.65,6197.329412,62.00555768
4.7,6035.529412,60.38842214
4.75,6002.929412,60.06260194
4.8,5894.129412,58.97521642
4.85,5856.529412,58.59943409
4.9,5738.929412,57.42413325
4.95,5577.329412,55.80914205
5,5455.129412,54.58794455
5.05,5415.329412,54.19021373
5.1,5352.129412,53.55864939
5.15,5265.329412,52.69126475
5.2,5193.729412,51.97578783
5.25,5097.329412,51.01251526
5.3,5099.929412,51.03849528
5.35,4940.529412,49.44575904
5.4,4892.329412,48.96415737
5.45,4790.729412,47.94902324
5.5,4701.929412,47.06181063
5.55,4652.729412,46.5702598
5.6,4645.729412,46.50032448
5.65,4507.729412,45.12164054
5.7,4465.929412,44.7040552
5.75,4409.929412,44.14462302
5.8,4369.729412,43.7430396
5.85,4269.129412,42.7381164
5.9,4193.329412,41.98096182
5.95,4158.129412,41.62936488
6,4091.929412,40.96814166
6.05,4059.529412,40.64453105
6.1,3936.929412,39.4200624
6.15,3915.729412,39.2083369
6.2,3882.329412,38.87477545
6.25,3875.529412,38.80686566
6.3,3822.529412,38.27757974
6.35,3753.529412,37.58853954
6.4,3681.729412,36.8715764
6.45,3567.929412,35.73530507
6.5,3576.729412,35.82316748
6.55,3509.329412,35.15023886
6.6,3439.929412,34.45738579
6.65,3421.729412,34.27569426
6.7,3413.729412,34.19583088
6.75,3350.729412,33.56692955
6.8,3279.729412,32.85821817
6.85,3237.529412,32.43701079
6.9,3206.529412,32.1276063
6.95,3158.329412,31.64655538
7,3089.729412,30.96195704
7.05,3117.729412,31.24137751
7.1,3070.529412,30.77036053
7.15,3027.129412,30.33729137
7.2,2953.129412,29.5989414
7.25,2909.929412,29.16794333
7.3,2871.529412,28.78485915
7.35,2855.529412,28.62524798
7.4,2799.729412,28.06863869
7.45,2790.529412,27.9768733
7.5,2760.129412,27.67365962
7.55,2709.929412,27.17299655
7.6,2668.129412,26.756148
7.65,2646.329412,26.53876289
7.7,2595.929412,26.03622383
7.75,2572.929412,25.80690946
7.8,2547.129412,25.54969323
7.85,2550.529412,25.58358904
7.9,2464.129412,24.72232545
7.95,2474.329412,24.8239925
8,2407.929412,24.16221027
8.05,2376.529412,23.84930197
8.1,2362.929412,23.71378377
8.15,2303.129412,23.11796939
8.2,2306.929412,23.15582715
8.25,2228.129412,22.37087543
8.3,2210.129412,22.19160205
8.35,2197.529412,22.06611773
8.4,2185.129412,21.94263099
8.45,2184.329412,21.9346643
8.5,2128.529412,21.37904922
8.55,2105.329412,21.14807777
8.6,2095.329412,21.04852808
8.65,2023.329412,20.33190082
8.7,2054.329412,20.64041989
8.75,2005.729412,20.15676183
8.8,1993.329412,20.03337751
8.85,1933.329412,19.43646731
8.9,1935.329412,19.45636125
8.95,1916.329412,19.26737765
9,1870.329412,18.8099232
9.05,1850.529412,18.61305752
9.1,1842.529412,18.53352269
9.15,1838.329412,18.49176851
9.2,1820.129412,18.31084672
9.25,1794.329412,18.05441231
9.3,1746.329412,17.57744695
9.35,1735.929412,17.47412637
9.4,1708.329412,17.19996913
9.45,1657.129412,16.69154842
9.5,1647.329412,16.59425862
9.55,1644.929412,16.57043382
9.6,1660.729412,16.72728962
9.65,1624.129412,16.36397368
9.7,1613.129412,16.2548039
9.75,1609.129412,16.21510858
9.8,1569.729412,15.82419169
9.85,1540.929412,15.53854386
9.9,1525.329412,15.38385457
9.95,1543.529412,15.56432795
10,1502.129412,15.15385354
10.05,1485.529412,14.98932164
10.1,1483.929412,14.97346486
10.15,1448.929412,14.62667577
10.2,1439.329412,14.53158338
10.25,1423.929412,14.37906454
10.3,1419.129412,14.33153267
10.35,1394.729412,14.08996143
10.4,1382.729412,13.97118687
10.45,1353.129412,13.67830108
10.5,1347.329412,13.62092707
10.55,1333.729412,13.48641592
10.6,1333.129412,13.48048229
10.65,1303.529412,13.18783124
10.7,1290.729412,13.06132617
10.75,1266.329412,12.82025811
10.8,1234.729412,12.50822418
10.85,1258.529412,12.7432189
10.9,1246.129412,12.62077062
10.95,1220.529412,12.36807198
11,1226.329412,12.42531217
11.05,1205.729412,12.22204326
11.1,1165.529412,11.82564506
11.15,1188.929412,12.05633919
11.2,1173.729412,11.9064719
11.25,1164.729412,11.81776037
11.3,1147.929412,11.65221839
11.35,1107.929412,11.25836392
11.4,1099.129412,11.17177454
11.45,1080.929412,10.99276304
11.5,1074.929412,10.93376989
11.55,1072.929412,10.91410795
11.6,1061.329412,10.80009315
11.65,1034.929412,10.54077268
11.7,1040.929412,10.59968886
11.75,1028.529412,10.47794231
11.8,1000.929412,10.20715282
11.85,1017.929412,10.37391097
11.9,1005.329412,10.25030354
11.95,1010.129412,10.29738524
12,976.1294118,9.964078625
12.05,987.1294118,10.07186416
12.1,957.9294118,9.785850796
12.15,939.7294118,9.607764398
12.2,935.5294118,9.566688457
12.25,948.5294118,9.693853955
12.3,923.5294118,9.449373389
12.35,935.9294118,9.570600106
12.4,895.3294118,9.173956374
12.45,894.7294118,9.168100786
12.5,864.1294118,8.869721756
12.55,863.9294118,8.867773275
12.6,896.1294118,9.181764115
12.65,836.7294118,8.603000108
12.7,869.1294118,8.9184412
12.75,836.5294118,8.601054916
12.8,833.1294118,8.567990527
12.85,827.1294118,8.509659593
12.9,850.5294118,8.737278067
12.95,797.3294118,8.220305292
13,812.9294118,8.371703701
13.05,798.7294118,8.233885311
13.1,804.7294118,8.292101218
13.15,786.3294118,8.11365481
13.2,771.3294118,7.968369102
13.25,749.7294118,7.759472861
13.3,759.3294118,7.852268179
13.35,747.1294118,7.734354258
13.4,758.7294118,7.846466213
13.45,753.7294118,7.798128148
13.5,715.5294118,7.429551394
13.55,732.5294118,7.593413851
13.6,710.1294118,7.377559091
13.65,693.7294118,7.219837233
13.7,701.5294118,7.29481676
13.75,693.3294118,7.215993855
13.8,697.7294118,7.25828032
13.85,691.7294118,7.20062205
13.9,684.3294118,7.129563407
13.95,660.9294118,6.905271083
14,681.1294118,7.098853961
14.05,661.3294118,6.909099731
14.1,659.3294118,6.889958441
14.15,644.3294118,6.746557573
14.2,648.7294118,6.788592267
14.25,645.7294118,6.759929535
14.3,640.1294118,6.706457066
14.35,621.5294118,6.529156222
14.4,635.3294118,6.660656585
14.45,623.1294118,6.544388923
14.5,604.1294118,6.363743758
14.55,612.1294118,6.439739255
14.6,597.1294118,6.297329072
14.65,611.7294118,6.435937175
14.7,586.3294118,6.19501557
14.75,588.9294118,6.219629025
14.8,590.9294118,6.238570106
14.85,583.7294118,6.170413488
14.9,565.7294118,6.000414713
14.95,561.1294118,5.957064854
15,555.9294118,5.908108926
15.05,547.3294118,5.82725909
15.1,542.9294118,5.785951488
15.15,536.3294118,5.72406532
15.2,532.3294118,5.686603579
15.25,535.5294118,5.716570221
15.3,533.7294118,5.699711264
15.35,524.7294118,5.615522732
15.4,533.3294118,5.695965778
15.45,519.1294118,5.563230592
15.5,522.5294118,5.594970832
15.55,522.9294118,5.598706723
15.6,509.1294118,5.47003435
15.65,494.1294118,5.330702351
15.7,498.3294118,5.369657369
15.75,490.3294118,5.295497446
15.8,474.3294118,5.147702311
15.85,485.9294118,5.254782519
15.9,486.9294118,5.264031269
15.95,470.3294118,5.110868376
16,467.7294118,5.086951962
16.05,457.3294118,4.991494675
16.1,461.7294118,5.031839124
16.15,451.1294118,4.934751728
16.2,457.3294118,4.991494675
16.25,454.9294118,4.969514762
16.3,460.5294118,5.020830002
16.35,452.3294118,4.945724383
16.4,429.1294118,4.734469897
16.45,432.9294118,4.768939878
16.5,445.7294118,4.885434561
16.55,421.9294118,4.669308605
16.6,429.7294118,4.739908937
16.65,407.1294118,4.536015409
16.7,434.5294118,4.783469553
16.75,416.5294118,4.620570862
16.8,419.1294118,4.644022651
16.85,408.7294118,4.550381655
16.9,404.1294118,4.509108354
16.95,397.7294118,4.451838777
17,393.5294118,4.414356102
17.05,389.1294118,4.375176558
17.1,380.3294118,4.297097409
17.15,396.5294118,4.441121192
17.2,382.3294118,4.314809139
17.25,386.7294118,4.353844714
17.3,368.1294118,4.189501925
17.35,389.3294118,4.376955459
17.4,368.9294118,4.196533222
17.45,384.5294118,4.334315038
17.5,374.7294118,4.247612648
17.55,372.7294118,4.229978893
17.6,371.7294118,4.221169928
17.65,361.9294118,4.135128766
17.7,380.3294118,4.297097409
17.75,358.3294118,4.103656508
17.8,358.3294118,4.103656508
17.85,348.3294118,4.016632658
17.9,358.7294118,4.107149752
17.95,351.7294118,4.046153471
18,353.9294118,4.065292468
18.05,346.7294118,4.002765107
18.1,330.9294118,3.866707586
18.15,338.5294118,3.931948151
18.2,341.5294118,3.957806704
18.25,321.9294118,3.789967627
18.3,334.7294118,3.899279153
18.35,315.9294118,3.739136173
18.4,328.3294118,3.844479193
18.45,334.1294118,3.894129733
18.5,313.9294118,3.722253022
18.55,317.7294118,3.75435719
18.6,316.3294118,3.74251649
18.65,307.9294118,3.671791424
18.7,301.5294118,3.618286696
18.75,298.9294118,3.596648346
18.8,301.7294118,3.619953562
18.85,299.3294118,3.599973566
18.9,297.3294118,3.583361259
18.95,300.9294118,3.613288127
19,287.3294118,3.500831199
19.05,286.7294118,3.495908402
19.1,283.3294118,3.468076637
19.15,294.3294118,3.558508151
19.2,288.5294118,3.510686848
19.25,278.9294118,3.432224013
19.3,279.3294118,3.435475517
19.35,282.5294118,3.461543998
19.4,276.5294118,3.412748388
19.45,270.9294118,3.367532422
19.5,281.5294118,3.453386884
19.55,264.7294118,3.317855655
19.6,273.7294118,3.390100159
19.65,271.3294118,3.370751395
19.7,266.7294118,3.333835315
19.75,273.5294118,3.388485489
19.8,264.7294118,3.317855655
19.85,263.9294118,3.311476021
19.9,272.1294118,3.37719435
19.95,254.7294118,3.238627382
20,256.7294118,3.254381521
20.05,233.5294118,3.074670489
20.1,261.3294118,3.290791112
20.15,252.9294118,3.22448891
20.2,246.3294118,3.172982494
20.25,247.7294118,3.183863399
20.3,244.9294118,3.162126132
20.35,246.3294118,3.172982494
20.4,258.7294118,3.270182082
20.45,236.1294118,3.094464398
20.5,241.7294118,3.137405114
20.55,248.5294118,3.190091982
20.6,252.1294118,3.218217523
20.65,237.1294118,3.102101835
20.7,238.1294118,3.109752671
20.75,231.5294118,3.059507616
20.8,233.3294118,3.073151711
20.85,232.9294118,3.07011581
20.9,232.7294118,3.068598688
20.95,224.5294118,3.00688305
21,232.1294118,3.064050649
21.05,228.1294118,3.033859399
21.1,223.9294118,3.002405393
21.15,206.1294118,2.872095653
21.2,229.1294118,3.041385989
21.25,213.7294118,2.927119086
21.3,213.1294118,2.922740942
21.35,225.9294118,3.017351473
21.4,219.1294118,2.966777698
21.45,208.3294118,2.887925619
21.5,218.1294118,2.959399268
21.55,212.7294118,2.919825382
21.6,204.1294118,2.857775652
21.65,201.7294118,2.840682234
21.7,210.9294118,2.90673729
21.75,206.5294118,2.87496779
21.8,202.5294118,2.846368961
21.85,188.5294118,2.748514855
21.9,195.1294118,2.794199122
21.95,194.7294118,2.79140724
22,189.1294118,2.752633909
22.05,194.5294118,2.790012402
22.1,194.1294118,2.787224937
22.15,202.5294118,2.846368961
22.2,192.1294118,2.773332127
22.25,192.1294118,2.773332127
22.3,190.9294118,2.765032374
22.35,189.7294118,2.756759868
22.4,193.7294118,2.784440428
22.45,186.1294118,2.732108305
22.5,193.1294118,2.780269226
22.55,191.9294118,2.771946953
22.6,181.3294118,2.69963619
22.65,188.1294118,2.74577267
22.7,190.1294118,2.759514327
22.75,179.3294118,2.686243435
22.8,180.1294118,2.6915907
22.85,185.1294118,2.725305471
22.9,190.7294118,2.763651724
22.95,182.1294118,2.70501613
23,190.9294118,2.765032374
23.05,174.7294118,2.655755398
23.1,176.3294118,2.666309462
23.15,169.9294118,2.624423841
23.2,163.7294118,2.584711208
23.25,160.7294118,2.565812616
23.3,170.5294118,2.628312772
23.35,170.5294118,2.628312772
23.4,174.1294118,2.651811683
23.45,173.9294118,2.650498826
23.5,171.3294118,2.633510344
23.55,161.7294118,2.572088697
23.6,152.7294118,2.516471204
23.65,168.7294118,2.616669914
23.7,167.7294118,2.610232855
23.75,179.5294118,2.687579016
23.8,157.7294118,2.547127153
23.85,163.1294118,2.580914663
23.9,149.5294118,2.497179308
23.95,162.9294118,2.579651008
24,161.1294118,2.568320216
24.05,154.1294118,2.524992586
24.1,151.3294118,2.50799902
24.15,164.9294118,2.592329278
24.2,152.3294118,2.514045538
24.25,158.9294118,2.554575462
24.3,148.9294118,2.493591179
24.35,157.7294118,2.547127153
24.4,155.3294118,2.532335407
24.45,147.3294118,2.484068348
24.5,160.7294118,2.565812616
24.55,149.7294118,2.498377408
24.6,152.3294118,2.514045538
24.65,138.5294118,2.432907683
24.7,145.3294118,2.472258844
24.75,138.1294118,2.430632313
24.8,139.1294118,2.436329067
24.85,142.9294118,2.458227344
24.9,145.9294118,2.475790646
24.95,144.9294118,2.469909601
25,145.3294118,2.472258844
25.05,134.5294118,2.410356045
25.1,128.9294118,2.379554438
25.15,138.7294118,2.434047035
25.2,138.9294118,2.435187497
25.25,135.1294118,2.413709964
25.3,140.9294118,2.446652797
25.35,124.1294118,2.353892752
25.4,143.3294118,2.460555228
25.45,140.3294118,2.443201666
25.5,129.9294118,2.384987464
25.55,130.5294118,2.388261446
25.6,140.3294118,2.443201666
25.65,134.5294118,2.410356045
25.7,134.7294118,2.411472878
25.75,125.3294118,2.360242815
25.8,143.9294118,2.464055104
25.85,134.1294118,2.408125809
25.9,131.3294118,2.392643191
25.95,131.7294118,2.394841079
26,120.1294118,2.33304684
26.05,126.7294118,2.367706566
26.1,123.7294118,2.35178586
26.15,119.7294118,2.330989748
26.2,113.9294118,2.301736537
26.25,127.3294118,2.37092343
26.3,119.7294118,2.330989748
26.35,115.7294118,2.310698958
26.4,117.5294118,2.319766424
26.45,124.7294118,2.357062285
26.5,126.1294118,2.36450055
26.55,123.7294118,2.35178586
26.6,121.9294118,2.342365929
26.65,126.7294118,2.367706566
26.7,121.5294118,2.340286263
26.75,114.9294118,2.306702618
26.8,125.1294118,2.359181419
26.85,113.1294118,2.297787279
26.9,115.1294118,2.307699752
26.95,111.3294118,2.288978766
27,114.3294118,2.303719045
27.05,109.7294118,2.281239659
27.1,121.5294118,2.340286263
27.15,113.1294118,2.297787279
27.2,115.5294118,2.309697924
27.25,113.1294118,2.297787279
27.3,102.5294118,2.247493721
27.35,98.92941176,2.231300708
27.4,105.5294118,2.261337143
27.45,107.7294118,2.271687174
27.5,118.5294118,2.324848844
27.55,101.7294118,2.243855459
27.6,110.5294118,2.285098485
27.65,103.7294118,2.252993361
27.7,106.1294118,2.264143371
27.75,100.5294118,2.238440587
27.8,109.1294118,2.278359684
27.85,99.12941176,2.23218817
27.9,100.5294118,2.238440587
27.95,103.9294118,2.253914875
28,101.7294118,2.243855459
28.05,100.1294118,2.236647024
28.1,111.5294118,2.289952176
28.15,97.32941176,2.224253007
28.2,102.7294118,2.248406815
28.25,105.9294118,2.263206581
28.3,95.52941176,2.216435619
28.35,98.72941176,2.230414687
28.4,92.72941176,2.204512277
28.45,107.7294118,2.271687174
28.5,103.7294118,2.252993361
28.55,98.52941176,2.229530107
28.6,94.72941176,2.212999355
28.65,90.52941176,2.195349047
28.7,94.32941176,2.211290074
28.75,105.3294118,2.260404499
28.8,100.9294118,2.240239857
28.85,104.5294118,2.256687792
28.9,95.12941176,2.214714541
28.95,91.72941176,2.200324635
29,85.92941176,2.176783494
29.05,92.52941176,2.203671755
29.1,92.12941176,2.201995198
29.15,95.52941176,2.216435619
29.2,89.32941176,2.190427899
29.25,100.7294118,2.23933951
29.3,88.72941176,2.187987854
29.35,88.32941176,2.186368793
29.4,96.52941176,2.220763998
29.45,94.72941176,2.212999355
29.5,88.32941176,2.186368793
29.55,88.12941176,2.185561558
29.6,91.52941176,2.199491605
29.65,79.52941176,2.152322637
29.7,99.32941176,2.233077071
29.75,86.52941176,2.179158991
29.8,93.32941176,2.207042798
29.85,92.52941176,2.203671755
29.9,89.12941176,2.189613026
29.95,93.32941176,2.207042798
30,86.32941176,2.178365611
30.05,87.32941176,2.182347959
30.1,89.92941176,2.192881645
30.15,81.52941176,2.159792698
30.2,86.12941176,2.177573778
30.25,80.52941176,2.156037712
30.3,83.72941176,2.168193128
30.35,72.52941176,2.127451893
30.4,82.32941176,2.162825283
30.45,79.72941176,2.153062449
30.5,84.32941176,2.170517212
30.55,86.32941176,2.178365611
30.6,82.52941176,2.163587387
30.65,82.72941176,2.164351071
30.7,78.52941176,2.14864768
30.75,90.32941176,2.194525065
30.8,90.52941176,2.195349047
30.85,75.92941176,2.139282019
30.9,87.72941176,2.183951686
30.95,84.12941176,2.169740951
31,76.12941176,2.139992695
31.05,84.92941176,2.172855379
31.1,77.32941176,2.144290977
31.15,83.92941176,2.168966255
31.2,75.92941176,2.139282019
31.25,76.92941176,2.142851707
31.3,77.92941176,2.146462048
31.35,80.12941176,2.154546881
31.4,82.72941176,2.164351071
31.45,69.12941176,2.116101972
31.5,72.52941176,2.127451893
31.55,83.72941176,2.168193128
31.6,72.12941176,2.126091532
31.65,71.52941176,2.124063482
31.7,79.32941176,2.151584429
31.75,79.12941176,2.150847828
31.8,81.12941176,2.158285928
31.85,74.52941176,2.134353139
31.9,80.12941176,2.154546881
31.95,72.12941176,2.126091532
32,70.72941176,2.121382796
32.05,77.32941176,2.144290977
32.1,79.12941176,2.150847828
32.15,74.72941176,2.135052341
32.2,71.52941176,2.124063482
32.25,72.92941176,2.1288189
32.3,77.52941176,2.145013046
32.35,72.12941176,2.126091532
32.4,62.72941176,2.096067248
32.45,72.32941176,2.126770881
32.5,76.72941176,2.142134511
32.55,67.52941176,2.110929214
32.6,64.32941176,2.100911069
32.65,74.52941176,2.134353139
32.7,74.52941176,2.134353139
32.75,63.12941176,2.097267809
32.8,70.72941176,2.121382796
32.85,70.52941176,2.120716811
32.9,78.32941176,2.14791752
32.95,65.72941176,2.105240024
33,67.52941176,2.110929214
33.05,65.72941176,2.105240024
33.1,75.32941176,2.137159804
33.15,72.92941176,2.1288189
33.2,66.92941176,2.109017453
33.25,58.32941176,2.083322353
33.3,69.12941176,2.116101972
33.35,69.12941176,2.116101972
33.4,65.52941176,2.104616445
33.45,68.52941176,2.114149481
33.5,57.92941176,2.082205964
33.55,62.12941176,2.094279442
33.6,63.72941176,2.099081655
33.65,70.32941176,2.120052503
33.7,64.32941176,2.100911069
33.75,55.52941176,2.075656898
33.8,58.32941176,2.083322353
33.85,64.52941176,2.101524327
33.9,54.52941176,2.073004022
33.95,67.52941176,2.110929214
34,54.72941176,2.07353101
34.05,62.92941176,2.096666661
34.1,69.52941176,2.117412078
34.15,65.12941176,2.103374438
34.2,54.72941176,2.07353101
34.25,61.92941176,2.093686988
34.3,64.72941176,2.102139309
34.35,67.12941176,2.109653003
34.4,59.92941176,2.087858577
34.45,59.52941176,2.086713945
34.5,56.92941176,2.07944603
34.55,52.92941176,2.068852886
34.6,69.12941176,2.116101972
34.65,52.32941176,2.067325986
34.7,55.12941176,2.07459037
34.75,56.12941176,2.077270104
34.8,57.12941176,2.079994464
34.85,59.52941176,2.086713945
34.9,59.32941176,2.086144269
34.95,65.32941176,2.103994583
35,68.12941176,2.112856284
35.05,49.12941176,2.059458645
35.1,60.32941176,2.089010242
35.15,57.72941176,2.081650427
35.2,53.12941176,2.069365468
35.25,61.12941176,2.091334621
35.3,53.92941176,2.071433838
35.35,57.52941176,2.081096663
35.4,65.92941176,2.105865317
35.45,62.52941176,2.095469574
35.5,59.52941176,2.086713945
35.55,51.72941176,2.065815385
35.6,48.52941176,2.058035563
35.65,56.32941176,2.077811412
35.7,55.12941176,2.07459037
35.75,59.12941176,2.085576355
35.8,49.12941176,2.059458645
35.85,57.32941176,2.080544675
35.9,52.32941176,2.067325986
35.95,62.32941176,2.094873638
36,54.52941176,2.073004022
36.05,55.12941176,2.07459037
36.1,57.32941176,2.080544675
36.15,57.32941176,2.080544675
36.2,51.32941176,2.064817389
36.25,50.32941176,2.06235423
36.3,54.12941176,2.071955434
36.35,59.32941176,2.086144269
36.4,46.72941176,2.053865573
36.45,52.32941176,2.067325986
36.5,44.12941176,2.048106564
36.55,60.32941176,2.089010242
36.6,54.92941176,2.074059794
36.65,42.52941176,2.044718828
36.7,55.92941176,2.076730582
36.75,57.12941176,2.079994464
36.8,46.72941176,2.053865573
36.85,45.32941176,2.050725617
36.9,54.12941176,2.071955434
36.95,47.32941176,2.055238994
37,47.92941176,2.056629002
37.05,51.52941176,2.065315479
37.1,38.72941176,2.037154077
37.15,45.72941176,2.051613489
37.2,50.32941176,2.06235423
37.25,46.72941176,2.053865573
37.3,53.12941176,2.069365468
37.35,58.72941176,2.084445821
37.4,48.92941176,2.058982451
37.45,56.72941176,2.078899376
37.5,54.12941176,2.071955434
37.55,52.32941176,2.067325986
37.6,53.32941176,2.069879855
37.65,44.72941176,2.049407726
37.7,47.52941176,2.055700488
37.75,45.32941176,2.050725617
37.8,51.72941176,2.065815385
37.85,49.72941176,2.060898212
37.9,44.52941176,2.048972145
37.95,37.52941176,2.034906798
38,49.32941176,2.059936671
38.05,45.12941176,2.050284463
38.1,49.12941176,2.059458645
38.15,58.72941176,2.084445821
38.2,48.72941176,2.05850809
38.25,42.72941176,2.045135757
38.3,48.72941176,2.05850809
38.35,44.92941176,2.049845166
38.4,49.12941176,2.059458645
38.45,51.52941176,2.065315479
38.5,41.52941176,2.042662283
38.55,40.52941176,2.040652671
38.6,45.32941176,2.050725617
38.65,38.72941176,2.037154077
38.7,48.32941176,2.057564872
38.75,45.92941176,2.052060205
38.8,42.92941176,2.045554555
38.85,50.32941176,2.06235423
38.9,45.72941176,2.051613489
38.95,47.32941176,2.055238994
39,44.12941176,2.048106564
39.05,55.32941176,2.075122739
39.1,40.32941176,2.040256392
39.15,38.32941176,2.036397402
39.2,38.32941176,2.036397402
39.25,42.32941176,2.044303771
39.3,45.72941176,2.051613489
39.35,53.12941176,2.069365468
39.4,38.72941176,2.037154077
39.45,45.12941176,2.050284463
39.5,48.52941176,2.058035563
39.55,47.52941176,2.055700488
39.6,50.12941176,2.061867065
39.65,50.12941176,2.061867065
39.7,44.92941176,2.049845166
39.75,45.72941176,2.051613489
39.8,37.92941176,2.035648306
39.85,35.32941176,2.030964484
39.9,45.72941176,2.051613489
39.95,42.92941176,2.045554555
40,42.52941176,2.044718828
40.05,36.72941176,2.033446574
40.1,36.32941176,2.032727876
40.15,44.92941176,2.049845166
40.2,42.52941176,2.044718828
40.25,40.72941176,2.041050832
40.3,42.72941176,2.045135757
40.35,42.32941176,2.044303771
40.4,39.72941176,2.039078865
40.45,47.92941176,2.056629002
40.5,43.52941176,2.046822163
40.55,45.12941176,2.050284463
40.6,40.12941176,2.039861998
40.65,40.32941176,2.040256392
40.7,44.92941176,2.049845166
40.75,47.52941176,2.055700488
40.8,44.72941176,2.049407726
40.85,39.32941176,2.03830328
40.9,35.12941176,2.030617531
40.95,43.12941176,2.045975224
41,40.12941176,2.039861998
41.05,44.12941176,2.048106564
41.1,43.92941176,2.047676567
41.15,48.92941176,2.058982451
41.2,38.92941176,2.037535254
41.25,35.92941176,2.032016797
41.3,35.72941176,2.031664118
41.35,38.72941176,2.037154077
41.4,40.12941176,2.039861998
41.45,34.12941176,2.028911451
41.5,43.32941176,2.04639776
41.55,33.92941176,2.028575978
41.6,31.92941176,2.025326821
41.65,40.92941176,2.041450875
41.7,38.32941176,2.036397402
41.75,43.72941176,2.047248433
41.8,40.72941176,2.041050832
41.85,34.32941176,2.029248839
41.9,39.52941176,2.038690128
41.95,42.52941176,2.044718828
42,33.72941176,2.028242422
42.05,41.12941176,2.041852799
42.1,41.32941176,2.042256602
42.15,36.52941176,2.033086273
42.2,34.92941176,2.030272489
42.25,29.32941176,2.021390966
42.3,34.52941176,2.029588142
42.35,32.12941176,2.025643086
42.4,34.92941176,2.030272489
42.45,33.72941176,2.028242422
42.5,36.72941176,2.033446574
42.55,36.12941176,2.032371383
42.6,34.52941176,2.029588142
42.65,35.52941176,2.031313346
42.7,38.92941176,2.037535254
42.75,40.12941176,2.039861998
42.8,34.52941176,2.029588142
42.85,35.72941176,2.031664118
42.9,35.32941176,2.030964484
42.95,32.72941176,2.026603424
43,31.72941176,2.025012483
43.05,30.32941176,2.022866116
43.1,39.52941176,2.038690128
43.15,36.32941176,2.032727876
43.2,41.32941176,2.042256602
43.25,35.12941176,2.030617531
43.3,30.52941176,2.023166948
43.35,30.52941176,2.023166948
43.4,36.52941176,2.033086273
43.45,34.72941176,2.029929359
43.5,39.12941176,2.037918322
43.55,34.52941176,2.029588142
43.6,32.72941176,2.026603424
43.65,25.72941176,2.01648215
43.7,31.52941176,2.024700072
43.75,39.72941176,2.039078865
43.8,27.72941176,2.019131503
43.85,27.52941176,2.018857809
43.9,22.72941176,2.012874218
43.95,34.32941176,2.029248839
44,43.32941176,2.04639776
44.05,34.32941176,2.029248839
44.1,37.12941176,2.034172884
44.15,34.72941176,2.029929359
44.2,33.92941176,2.028575978
44.25,37.32941176,2.034538891
44.3,35.72941176,2.031664118
44.35,30.12941176,2.022567217
44.4,32.72941176,2.026603424
44.45,26.72941176,2.017782482
44.5,32.32941176,2.025961275
44.55,24.52941176,2.014986155
44.6,34.52941176,2.029588142
44.65,34.12941176,2.028911451
44.7,40.12941176,2.039861998
44.75,31.72941176,2.025012483
44.8,34.92941176,2.030272489
44.85,35.32941176,2.030964484
44.9,31.72941176,2.025012483
44.95,26.52941176,2.017518518
45,42.32941176,2.044303771
45.05,35.92941176,2.032016797
45.1,38.12941176,2.036021907
45.15,27.52941176,2.018857809
45.2,35.12941176,2.030617531
45.25,30.72941176,2.023469712
45.3,30.52941176,2.023166948
45.35,39.92941176,2.039469488
45.4,25.72941176,2.01648215
45.45,28.72941176,2.020529116
45.5,32.32941176,2.025961275
45.55,38.12941176,2.036021907
45.6,27.32941176,2.018586058
45.65,36.32941176,2.032727876
45.7,33.92941176,2.028575978
45.75,35.92941176,2.032016797
45.8,25.52941176,2.016227935
45.85,28.72941176,2.020529116
45.9,31.32941176,2.024389588
45.95,26.52941176,2.017518518
46,30.52941176,2.023166948
46.05,31.12941176,2.024081033
46.1,35.92941176,2.032016797
46.15,17.92941176,2.008020513
46.2,32.12941176,2.025643086
46.25,40.92941176,2.041450875
46.3,27.92941176,2.019407142
46.35,29.72941176,2.021975221
46.4,27.52941176,2.018857809
46.45,29.12941176,2.021101745
46.5,25.92941176,2.016738317
46.55,26.12941176,2.016996434
46.6,30.12941176,2.022567217
46.65,29.72941176,2.021975221
46.7,28.92941176,2.020814461
46.75,26.72941176,2.017782482
46.8,23.12941176,2.013329821
46.85,24.52941176,2.014986155
46.9,29.52941176,2.021682125
46.95,31.72941176,2.025012483
47,28.12941176,2.019684723
47.05,26.52941176,2.017518518
47.1,25.32941176,2.015975672
47.15,32.32941176,2.025961275
47.2,25.72941176,2.01648215
47.25,18.92941176,2.008938093
47.3,30.32941176,2.022866116
47.35,24.12941176,2.014503128
47.4,23.92941176,2.014264549
47.45,23.32941176,2.013560564
47.5,31.52941176,2.024700072
47.55,26.92941176,2.018048394
47.6,26.12941176,2.016996434
47.65,25.12941176,2.015725362
47.7,26.32941176,2.017256501
47.75,25.92941176,2.016738317
47.8,21.32941176,2.011341438
47.85,28.52941176,2.020245711
47.9,28.92941176,2.020814461
47.95,27.32941176,2.018586058
48,31.32941176,2.024389588
48.05,34.92941176,2.030272489
48.1,29.72941176,2.021975221
48.15,28.72941176,2.020529116
48.2,21.92941176,2.011986558
48.25,26.32941176,2.017256501
48.3,34.12941176,2.028911451
48.35,30.12941176,2.022567217
48.4,23.72941176,2.014027929
48.45,32.12941176,2.025643086
48.5,23.72941176,2.014027929
48.55,22.72941176,2.012874218
48.6,18.32941176,2.008381621
48.65,28.52941176,2.020245711
48.7,28.12941176,2.019684723
48.75,31.12941176,2.024081033
48.8,30.72941176,2.023469712
48.85,25.52941176,2.016227935
48.9,24.52941176,2.014986155
48.95,30.72941176,2.023469712
49,15.72941176,2.006175825
49.05,19.92941176,2.009905009
49.1,18.52941176,2.008565137
49.15,23.92941176,2.014264549
49.2,22.72941176,2.012874218
49.25,23.72941176,2.014027929
49.3,23.92941176,2.014264549
49.35,28.92941176,2.020814461
49.4,25.72941176,2.01648215
49.45,27.92941176,2.019407142
49.5,23.72941176,2.014027929
49.55,33.72941176,2.028242422
49.6,27.32941176,2.018586058
49.65,25.52941176,2.016227935
49.7,24.12941176,2.014503128
49.75,30.72941176,2.023469712
49.8,20.12941176,2.010104306
49.85,34.12941176,2.028911451
49.9,25.52941176,2.016227935
49.95,26.12941176,2.016996434
50,27.52941176,2.018857809
50.05,25.72941176,2.01648215
50.1,26.12941176,2.016996434
50.15,27.32941176,2.018586058
50.2,24.92941176,2.015477005
50.25,26.72941176,2.017782482
50.3,20.52941176,2.01050881
50.35,26.72941176,2.017782482
50.4,26.92941176,2.018048394
50.45,18.72941176,2.008750628
50.5,30.12941176,2.022567217
50.55,26.72941176,2.017782482
50.6,25.12941176,2.015725362
50.65,20.52941176,2.01050881
50.7,30.12941176,2.022567217
50.75,29.52941176,2.021682125
50.8,27.92941176,2.019407142
50.85,25.12941176,2.015725362
50.9,15.32941176,2.005866169
50.95,18.92941176,2.008938093
51,23.12941176,2.013329821
51.05,28.72941176,2.020529116
51.1,25.72941176,2.01648215
51.15,15.92941176,2.006333625
51.2,23.92941176,2.014264549
51.25,23.92941176,2.014264549
51.3,21.12941176,2.01113033
51.35,25.12941176,2.015725362
51.4,19.92941176,2.009905009
51.45,21.52941176,2.011554513
51.5,26.92941176,2.018048394
51.55,21.72941176,2.011769553
51.6,20.32941176,2.010305573
51.65,24.92941176,2.015477005
51.7,23.72941176,2.014027929
51.75,30.92941176,2.023774407
51.8,24.12941176,2.014503128
51.85,25.52941176,2.016227935
51.9,17.32941176,2.007493674
51.95,20.12941176,2.010104306
52,20.72941176,2.010714015
52.05,24.32941176,2.014743663
52.1,25.72941176,2.01648215
52.15,30.52941176,2.023166948
52.2,18.92941176,2.008938093
52.25,22.52941176,2.012649358
52.3,19.72941176,2.009707682
52.35,24.92941176,2.015477005
52.4,15.12941176,2.005714314
52.45,25.92941176,2.016738317
52.5,26.52941176,2.017518518
52.55,20.72941176,2.010714015
52.6,16.12941176,2.006493407
52.65,30.32941176,2.022866116
52.7,20.72941176,2.010714015
52.75,26.92941176,2.018048394
52.8,15.92941176,2.006333625
52.85,25.52941176,2.016227935
52.9,27.12941176,2.018316253
52.95,24.12941176,2.014503128
53,24.92941176,2.015477005
53.05,22.32941176,2.012426462
53.1,23.32941176,2.013560564
53.15,23.32941176,2.013560564
53.2,12.92941176,2.004174885
53.25,16.32941176,2.006655169
53.3,22.52941176,2.012649358
53.35,17.12941176,2.007322016
53.4,23.52941176,2.013793267
53.45,16.52941176,2.006818912
53.5,20.32941176,2.010305573
53.55,21.92941176,2.011986558
53.6,22.72941176,2.012874218
53.65,24.72941176,2.015230602
53.7,26.92941176,2.018048394
53.75,27.72941176,2.019131503
53.8,22.72941176,2.012874218
53.85,25.32941176,2.015975672
53.9,14.52941176,2.00527065
53.95,19.12941176,2.009127532
54,24.52941176,2.014986155
54.05,20.72941176,2.010714015
54.1,21.32941176,2.011341438
54.15,20.52941176,2.01050881
54.2,20.12941176,2.010104306
54.25,24.72941176,2.015230602
54.3,23.32941176,2.013560564
54.35,24.52941176,2.014986155
54.4,14.92941176,2.005564443
54.45,23.52941176,2.013793267
54.5,22.72941176,2.012874218
54.55,21.72941176,2.011769553
54.6,24.32941176,2.014743663
54.65,24.32941176,2.014743663
54.7,15.52941176,2.006020006
54.75,21.12941176,2.01113033
54.8,21.92941176,2.011986558
54.85,24.32941176,2.014743663
54.9,19.32941176,2.009318943
54.95,20.72941176,2.010714015
55,22.52941176,2.012649358
55.05,17.12941176,2.007322016
55.1,18.92941176,2.008938093
55.15,28.92941176,2.020814461
55.2,23.12941176,2.013329821
55.25,25.52941176,2.016227935
55.3,11.52941176,2.003320427
55.35,18.92941176,2.008938093
55.4,20.32941176,2.010305573
55.45,12.32941176,2.003796756
55.5,26.32941176,2.017256501
55.55,21.32941176,2.011341438
55.6,19.92941176,2.009905009
55.65,18.52941176,2.008565137
55.7,16.32941176,2.006655169
55.75,14.72941176,2.005416555
55.8,26.92941176,2.018048394
55.85,23.92941176,2.014264549
55.9,12.72941176,2.004046854
55.95,17.52941176,2.00766731
56,21.32941176,2.011341438
56.05,25.52941176,2.016227935
56.1,14.52941176,2.00527065
56.15,25.32941176,2.015975672
56.2,20.92941176,2.010921189
56.25,14.12941176,2.004984795
56.3,17.12941176,2.007322016
56.35,20.12941176,2.010104306
56.4,21.52941176,2.011554513
56.45,19.32941176,2.009318943
56.5,19.12941176,2.009127532
56.55,19.32941176,2.009318943
56.6,16.12941176,2.006493407
56.65,22.12941176,2.012205528
56.7,20.72941176,2.010714015
56.75,16.72941176,2.006984634
56.8,10.12941176,2.002563482
56.85,19.12941176,2.009127532
56.9,16.92941176,2.007152336
56.95,18.72941176,2.008750628
57,14.52941176,2.00527065
57.05,14.52941176,2.00527065
57.1,17.72941176,2.007842923
57.15,20.32941176,2.010305573
57.2,19.92941176,2.009905009
57.25,15.52941176,2.006020006
57.3,18.92941176,2.008938093
57.35,15.92941176,2.006333625
57.4,17.92941176,2.008020513
57.45,20.72941176,2.010714015
57.5,26.72941176,2.017782482
57.55,16.32941176,2.006655169
57.6,19.12941176,2.009127532
57.65,22.72941176,2.012874218
57.7,18.12941176,2.008200079
57.75,18.52941176,2.008565137
57.8,17.72941176,2.007842923
57.85,23.72941176,2.014027929
57.9,21.92941176,2.011986558
57.95,16.72941176,2.006984634
58,21.72941176,2.011769553
58.05,18.52941176,2.008565137
58.1,21.52941176,2.011554513
58.15,19.32941176,2.009318943
58.2,18.32941176,2.008381621
58.25,17.92941176,2.008020513
58.3,18.32941176,2.008381621
58.35,18.92941176,2.008938093
58.4,18.12941176,2.008200079
58.45,15.72941176,2.006175825
58.5,16.52941176,2.006818912
58.55,21.32941176,2.011341438
58.6,16.52941176,2.006818912
58.65,23.12941176,2.013329821
58.7,12.52941176,2.003920811
58.75,18.12941176,2.008200079
58.8,19.92941176,2.009905009
58.85,17.72941176,2.007842923
58.9,21.32941176,2.011341438
58.95,14.12941176,2.004984795
59,17.52941176,2.00766731
59.05,14.72941176,2.005416555
59.1,19.92941176,2.009905009
59.15,15.32941176,2.005866169
59.2,14.32941176,2.00512673
59.25,22.32941176,2.012426462
59.3,16.92941176,2.007152336
59.35,19.72941176,2.009707682
59.4,15.12941176,2.005714314
59.45,25.32941176,2.015975672
59.5,19.12941176,2.009127532
59.55,11.72941176,2.003436525
59.6,14.12941176,2.004984795
59.65,12.12941176,2.00367469
59.7,17.32941176,2.007493674
59.75,19.32941176,2.009318943
59.8,25.32941176,2.015975672
59.85,18.12941176,2.008200079
59.9,17.12941176,2.007322016
59.95,11.72941176,2.003436525
60,14.12941176,2.004984795
60.05,13.12941176,2.004304903
60.1,13.92941176,2.004844845
60.15,22.52941176,2.012649358
60.2,16.72941176,2.006984634
60.25,23.52941176,2.013793267
60.3,17.12941176,2.007322016
60.35,19.32941176,2.009318943
60.4,15.72941176,2.006175825
60.45,18.12941176,2.008200079
60.5,13.72941176,2.00470688
60.55,14.92941176,2.005564443
60.6,15.52941176,2.006020006
60.65,17.72941176,2.007842923
60.7,17.52941176,2.00766731
60.75,12.32941176,2.003796756
60.8,18.32941176,2.008381621
60.85,13.72941176,2.00470688
60.9,15.32941176,2.005866169
60.95,18.12941176,2.008200079
61,10.52941176,2.002769795
61.05,13.32941176,2.004436909
61.1,21.32941176,2.011341438
61.15,21.52941176,2.011554513
61.2,19.12941176,2.009127532
61.25,15.92941176,2.006333625
61.3,15.72941176,2.006175825
61.35,15.92941176,2.006333625
61.4,16.12941176,2.006493407
61.45,10.92941176,2.002984075
61.5,11.72941176,2.003436525
61.55,23.32941176,2.013560564
61.6,22.92941176,2.013101039
61.65,20.72941176,2.010714015
61.7,19.72941176,2.009707682
61.75,16.72941176,2.006984634
61.8,17.32941176,2.007493674
61.85,18.72941176,2.008750628
61.9,15.32941176,2.005866169
61.95,15.52941176,2.006020006
62,18.92941176,2.008938093
62.05,22.32941176,2.012426462
62.1,9.929411765,2.002463313
62.15,16.12941176,2.006493407
62.2,10.52941176,2.002769795
62.25,12.72941176,2.004046854
62.3,11.92941176,2.003554613
62.35,10.52941176,2.002769795
62.4,16.12941176,2.006493407
62.45,15.52941176,2.006020006
62.5,12.92941176,2.004174885
62.55,25.52941176,2.016227935
62.6,5.529411765,2.000764214
62.65,11.72941176,2.003436525
62.7,14.52941176,2.00527065
62.75,20.32941176,2.010305573
62.8,12.92941176,2.004174885
62.85,12.32941176,2.003796756
62.9,19.52941176,2.009512327
62.95,13.92941176,2.004844845
63,12.72941176,2.004046854
63.05,13.12941176,2.004304903
63.1,20.32941176,2.010305573
63.15,17.52941176,2.00766731
63.2,16.92941176,2.007152336
63.25,19.32941176,2.009318943
63.3,8.329411765,2.001733726
63.35,12.32941176,2.003796756
63.4,18.72941176,2.008750628
63.45,21.32941176,2.011341438
63.5,10.32941176,2.002665642
63.55,11.32941176,2.003206319
63.6,18.92941176,2.008938093
63.65,19.32941176,2.009318943
63.7,17.32941176,2.007493674
63.75,22.92941176,2.013101039
63.8,10.92941176,2.002984075
63.85,16.32941176,2.006655169
63.9,10.72941176,2.002875939
63.95,16.92941176,2.007152336
64,14.72941176,2.005416555
64.05,13.12941176,2.004304903
64.1,25.32941176,2.015975672
64.15,22.92941176,2.013101039
64.2,13.92941176,2.004844845
64.25,14.12941176,2.004984795
64.3,12.92941176,2.004174885
64.35,15.12941176,2.005714314
64.4,11.12941176,2.003094202
64.45,21.12941176,2.01113033
64.5,14.12941176,2.004984795
64.55,11.92941176,2.003554613
64.6,21.52941176,2.011554513
64.65,16.32941176,2.006655169
64.7,15.32941176,2.005866169
64.75,7.729411765,2.001493038
64.8,19.32941176,2.009318943
64.85,20.72941176,2.010714015
64.9,7.929411765,2.001571272
64.95,14.12941176,2.004984795
65,12.92941176,2.004174885
65.05,12.92941176,2.004174885
65.1,19.32941176,2.009318943
65.15,16.92941176,2.007152336
65.2,13.52941176,2.004570901
65.25,12.32941176,2.003796756
65.3,9.529411765,2.002268955
65.35,12.72941176,2.004046854
65.4,12.72941176,2.004046854
65.45,16.52941176,2.006818912
65.5,11.52941176,2.003320427
65.55,17.72941176,2.007842923
65.6,12.32941176,2.003796756
65.65,15.52941176,2.006020006
65.7,15.52941176,2.006020006
65.75,11.52941176,2.003320427
65.8,9.129411765,2.00208257
65.85,17.72941176,2.007842923
65.9,17.52941176,2.00766731
65.95,12.72941176,2.004046854
66,13.12941176,2.004304903
66.05,12.92941176,2.004174885
66.1,13.52941176,2.004570901
66.15,11.12941176,2.003094202
66.2,10.12941176,2.002563482
66.25,14.52941176,2.00527065
66.3,14.92941176,2.005564443
66.35,11.92941176,2.003554613
66.4,13.12941176,2.004304903
66.45,11.32941176,2.003206319
66.5,11.92941176,2.003554613
66.55,17.92941176,2.008020513
66.6,26.32941176,2.017256501
66.65,18.92941176,2.008938093
66.7,12.52941176,2.003920811
66.75,10.32941176,2.002665642
66.8,14.32941176,2.00512673
66.85,13.72941176,2.00470688
66.9,9.129411765,2.00208257
66.95,14.12941176,2.004984795
67,9.129411765,2.00208257
67.05,18.12941176,2.008200079
67.1,10.52941176,2.002769795
67.15,17.52941176,2.00766731
67.2,15.72941176,2.006175825
67.25,15.52941176,2.006020006
67.3,19.52941176,2.009512327
67.35,12.32941176,2.003796756
67.4,14.92941176,2.005564443
67.45,14.52941176,2.00527065
67.5,15.92941176,2.006333625
67.55,17.72941176,2.007842923
67.6,19.52941176,2.009512327
67.65,11.92941176,2.003554613
67.7,13.32941176,2.004436909
67.75,8.929411765,2.001992367
67.8,3.129411765,2.000244815
67.85,11.32941176,2.003206319
67.9,12.12941176,2.00367469
67.95,9.129411765,2.00208257
68,5.329411765,2.00070994
68.05,12.52941176,2.003920811
68.1,19.92941176,2.009905009
68.15,14.32941176,2.00512673
68.2,11.52941176,2.003320427
68.25,10.72941176,2.002875939
68.3,17.72941176,2.007842923
68.35,13.52941176,2.004570901
68.4,20.92941176,2.010921189
68.45,7.729411765,2.001493038
68.5,16.52941176,2.006818912
68.55,15.72941176,2.006175825
68.6,18.12941176,2.008200079
68.65,11.52941176,2.003320427
68.7,16.12941176,2.006493407
68.75,9.329411765,2.002174766
68.8,13.12941176,2.004304903
68.85,11.72941176,2.003436525
68.9,10.92941176,2.002984075
68.95,14.72941176,2.005416555
69,6.329411765,2.001001286
69.05,17.32941176,2.007493674
69.1,11.32941176,2.003206319
69.15,7.729411765,2.001493038
69.2,11.92941176,2.003554613
69.25,17.92941176,2.008020513
69.3,9.129411765,2.00208257
69.35,15.52941176,2.006020006
69.4,9.129411765,2.00208257
69.45,10.92941176,2.002984075
69.5,19.72941176,2.009707682
69.55,8.729411765,2.001904159
69.6,9.729411765,2.002365138
69.65,7.329411765,2.001342556
69.7,13.92941176,2.004844845
69.75,19.12941176,2.009127532
69.8,9.729411765,2.002365138
69.85,14.32941176,2.00512673
69.9,12.92941176,2.004174885
69.95,12.32941176,2.003796756
70,13.32941176,2.004436909
70.05,10.32941176,2.002665642
70.1,12.72941176,2.004046854
70.15,9.929411765,2.002463313
70.2,14.72941176,2.005416555
70.25,7.929411765,2.001571272
70.3,13.52941176,2.004570901
70.35,15.92941176,2.006333625
70.4,10.72941176,2.002875939
70.45,17.12941176,2.007322016
70.5,9.929411765,2.002463313
70.55,16.32941176,2.006655169
70.6,7.929411765,2.001571272
70.65,14.92941176,2.005564443
70.7,9.529411765,2.002268955
70.75,10.72941176,2.002875939
70.8,16.12941176,2.006493407
70.85,13.32941176,2.004436909
70.9,23.32941176,2.013560564
70.95,15.92941176,2.006333625
71,12.92941176,2.004174885
71.05,16.72941176,2.006984634
71.1,11.52941176,2.003320427
71.15,10.52941176,2.002769795
71.2,10.32941176,2.002665642
71.25,16.52941176,2.006818912
71.3,18.92941176,2.008938093
71.35,8.729411765,2.001904159
71.4,10.32941176,2.002665642
71.45,11.12941176,2.003094202
71.5,6.129411765,2.000939022
71.55,11.12941176,2.003094202
71.6,17.92941176,2.008020513
71.65,18.72941176,2.008750628
71.7,16.92941176,2.007152336
71.75,13.12941176,2.004304903
71.8,17.32941176,2.007493674
71.85,10.12941176,2.002563482
71.9,7.929411765,2.001571272
71.95,11.52941176,2.003320427
72,6.729411765,2.001131804
72.05,15.72941176,2.006175825
72.1,13.12941176,2.004304903
72.15,17.32941176,2.007493674
72.2,10.52941176,2.002769795
72.25,2.929411765,2.000214525
72.3,12.12941176,2.00367469
72.35,10.12941176,2.002563482
72.4,10.72941176,2.002875939
72.45,17.12941176,2.007322016
72.5,11.12941176,2.003094202
72.55,12.52941176,2.003920811
72.6,8.729411765,2.001904159
72.65,15.12941176,2.005714314
72.7,17.12941176,2.007322016
72.75,5.329411765,2.00070994
72.8,7.129411765,2.001270309
72.85,8.529411765,2.001817945
72.9,9.729411765,2.002365138
72.95,14.92941176,2.005564443
73,14.92941176,2.005564443
73.05,10.12941176,2.002563482
73.1,11.32941176,2.003206319
73.15,15.52941176,2.006020006
73.2,7.529411765,2.001416799
73.25,11.72941176,2.003436525
73.3,17.52941176,2.00766731
73.35,10.92941176,2.002984075
73.4,12.12941176,2.00367469
73.45,12.72941176,2.004046854
73.5,12.72941176,2.004046854
73.55,19.12941176,2.009127532
73.6,10.12941176,2.002563482
73.65,9.529411765,2.002268955
73.7,11.12941176,2.003094202
73.75,20.72941176,2.010714015
73.8,15.52941176,2.006020006
73.85,9.729411765,2.002365138
73.9,12.92941176,2.004174885
73.95,15.52941176,2.006020006
74,13.92941176,2.004844845
74.05,19.72941176,2.009707682
74.1,10.12941176,2.002563482
74.15,9.729411765,2.002365138
74.2,14.12941176,2.004984795
74.25,13.52941176,2.004570901
74.3,12.92941176,2.004174885
74.35,8.329411765,2.001733726
74.4,14.92941176,2.005564443
74.45,6.129411765,2.000939022
74.5,9.329411765,2.002174766
74.55,3.129411765,2.000244815
74.6,8.129411765,2.001651502
74.65,13.12941176,2.004304903
74.7,6.729411765,2.001131804
74.75,7.929411765,2.001571272
74.8,18.32941176,2.008381621
74.85,11.92941176,2.003554613
74.9,15.32941176,2.005866169
74.95,0.470588235,2.000005536
75,8.729411765,2.001904159
75.05,10.12941176,2.002563482
75.1,15.92941176,2.006333625
75.15,8.529411765,2.001817945
75.2,8.529411765,2.001817945
75.25,9.729411765,2.002365138
75.3,9.529411765,2.002268955
75.35,9.729411765,2.002365138
75.4,9.729411765,2.002365138
75.45,12.72941176,2.004046854
75.5,4.529411765,2.000512824
75.55,10.72941176,2.002875939
75.6,8.329411765,2.001733726
75.65,13.32941176,2.004436909
75.7,7.529411765,2.001416799
75.75,14.52941176,2.00527065
75.8,13.12941176,2.004304903
75.85,13.72941176,2.00470688
75.9,14.52941176,2.00527065
75.95,7.529411765,2.001416799
76,13.32941176,2.004436909
76.05,11.72941176,2.003436525
76.1,8.129411765,2.001651502
76.15,5.129411765,2.000657663
76.2,14.72941176,2.005416555
76.25,11.72941176,2.003436525
76.3,7.729411765,2.001493038
76.35,14.52941176,2.00527065
76.4,4.929411765,2.000607385
76.45,14.32941176,2.00512673
76.5,12.12941176,2.00367469
76.55,16.92941176,2.007152336
76.6,4.729411765,2.000559105
76.65,10.52941176,2.002769795
76.7,10.52941176,2.002769795
76.75,13.52941176,2.004570901
76.8,17.32941176,2.007493674
76.85,17.12941176,2.007322016
76.9,9.929411765,2.002463313
76.95,9.529411765,2.002268955
77,10.12941176,2.002563482
77.05,13.52941176,2.004570901
77.1,11.32941176,2.003206319
77.15,11.72941176,2.003436525
77.2,11.12941176,2.003094202
77.25,9.329411765,2.002174766
77.3,5.129411765,2.000657663
77.35,4.529411765,2.000512824
77.4,7.329411765,2.001342556
77.45,10.12941176,2.002563482
77.5,8.729411765,2.001904159
77.55,14.32941176,2.00512673
77.6,11.72941176,2.003436525
77.65,14.72941176,2.005416555
77.7,9.529411765,2.002268955
77.75,8.929411765,2.001992367
77.8,19.72941176,2.009707682
77.85,10.32941176,2.002665642
77.9,10.52941176,2.002769795
77.95,10.72941176,2.002875939
78,13.12941176,2.004304903
78.05,7.929411765,2.001571272
78.1,11.72941176,2.003436525
78.15,10.32941176,2.002665642
78.2,8.529411765,2.001817945
78.25,7.729411765,2.001493038
78.3,16.92941176,2.007152336
78.35,21.52941176,2.011554513
78.4,8.329411765,2.001733726
78.45,9.729411765,2.002365138
78.5,13.52941176,2.004570901
78.55,10.92941176,2.002984075
78.6,8.329411765,2.001733726
78.65,5.129411765,2.000657663
78.7,13.32941176,2.004436909
78.75,10.72941176,2.002875939
78.8,5.929411765,2.000878755
78.85,12.72941176,2.004046854
78.9,1.929411765,2.000093064
78.95,13.12941176,2.004304903
79,15.12941176,2.005714314
79.05,7.529411765,2.001416799
79.1,13.12941176,2.004304903
79.15,10.12941176,2.002563482
79.2,12.32941176,2.003796756
79.25,10.12941176,2.002563482
79.3,2.529411765,2.000159942
79.35,18.92941176,2.008938093
79.4,12.92941176,2.004174885
79.45,11.72941176,2.003436525
79.5,9.529411765,2.002268955
79.55,13.12941176,2.004304903
79.6,8.329411765,2.001733726
79.65,13.92941176,2.004844845
79.7,13.52941176,2.004570901
79.75,11.12941176,2.003094202
79.8,7.329411765,2.001342556
79.85,7.529411765,2.001416799
79.9,9.529411765,2.002268955
79.95,13.52941176,2.004570901
80,11.12941176,2.003094202
80.05,10.12941176,2.002563482
80.1,10.12941176,2.002563482
80.15,6.729411765,2.001131804
80.2,8.529411765,2.001817945
80.25,11.12941176,2.003094202
80.3,9.329411765,2.002174766
80.35,11.52941176,2.003320427
80.4,7.529411765,2.001416799
80.45,8.729411765,2.001904159
80.5,6.329411765,2.001001286
80.55,7.729411765,2.001493038
80.6,14.12941176,2.004984795
80.65,9.129411765,2.00208257
80.7,13.92941176,2.004844845
80.75,13.52941176,2.004570901
80.8,10.52941176,2.002769795
80.85,7.929411765,2.001571272
80.9,7.729411765,2.001493038
80.95,8.529411765,2.001817945
81,7.729411765,2.001493038
81.05,14.72941176,2.005416555
81.1,5.129411765,2.000657663
81.15,15.12941176,2.005714314
81.2,6.929411765,2.001200059
81.25,17.12941176,2.007322016
81.3,10.52941176,2.002769795
81.35,10.52941176,2.002769795
81.4,8.329411765,2.001733726
81.45,4.729411765,2.000559105
81.5,11.92941176,2.003554613
81.55,13.72941176,2.00470688
81.6,8.329411765,2.001733726
81.65,5.929411765,2.000878755
81.7,11.32941176,2.003206319
81.75,6.529411765,2.001065547
81.8,4.529411765,2.000512824
81.85,14.32941176,2.00512673
81.9,10.72941176,2.002875939
81.95,14.52941176,2.00527065
82,6.129411765,2.000939022
82.05,16.32941176,2.006655169
82.1,8.729411765,2.001904159
82.15,8.729411765,2.001904159
82.2,6.329411765,2.001001286
82.25,6.329411765,2.001001286
82.3,6.129411765,2.000939022
82.35,18.32941176,2.008381621
82.4,5.529411765,2.000764214
82.45,11.92941176,2.003554613
82.5,8.929411765,2.001992367
82.55,10.12941176,2.002563482
82.6,7.529411765,2.001416799
82.65,12.72941176,2.004046854
82.7,7.929411765,2.001571272
82.75,7.529411765,2.001416799
82.8,8.529411765,2.001817945
82.85,7.929411765,2.001571272
82.9,4.129411765,2.000426256
82.95,15.12941176,2.005714314
83,8.129411765,2.001651502
83.05,8.129411765,2.001651502
83.1,11.52941176,2.003320427
83.15,9.329411765,2.002174766
83.2,4.929411765,2.000607385
83.25,4.329411765,2.00046854
83.3,1.929411765,2.000093064
83.35,7.329411765,2.001342556
83.4,10.92941176,2.002984075
83.45,11.32941176,2.003206319
83.5,10.92941176,2.002984075
83.55,8.329411765,2.001733726
83.6,7.329411765,2.001342556
83.65,12.12941176,2.00367469
83.7,13.72941176,2.00470688
83.75,11.52941176,2.003320427
83.8,3.929411765,2.00038597
83.85,3.929411765,2.00038597
83.9,10.52941176,2.002769795
83.95,5.329411765,2.00070994
84,11.52941176,2.003320427
84.05,10.32941176,2.002665642
84.1,4.929411765,2.000607385
84.15,9.129411765,2.00208257
84.2,21.52941176,2.011554513
84.25,6.929411765,2.001200059
84.3,8.929411765,2.001992367
84.35,8.929411765,2.001992367
84.4,13.72941176,2.00470688
84.45,5.929411765,2.000878755
84.5,12.12941176,2.00367469
84.55,7.529411765,2.001416799
84.6,9.729411765,2.002365138
84.65,9.929411765,2.002463313
84.7,11.32941176,2.003206319
84.75,11.12941176,2.003094202
84.8,9.729411765,2.002365138
84.85,10.12941176,2.002563482
84.9,8.329411765,2.001733726
84.95,6.729411765,2.001131804
85,5.129411765,2.000657663
85.05,9.129411765,2.00208257
85.1,7.929411765,2.001571272
85.15,5.329411765,2.00070994
85.2,18.32941176,2.008381621
85.25,13.92941176,2.004844845
85.3,5.929411765,2.000878755
85.35,4.529411765,2.000512824
85.4,11.52941176,2.003320427
85.45,10.12941176,2.002563482
85.5,9.529411765,2.002268955
85.55,10.52941176,2.002769795
85.6,10.12941176,2.002563482
85.65,13.12941176,2.004304903
85.7,16.12941176,2.006493407
85.75,9.329411765,2.002174766
85.8,8.929411765,2.001992367
85.85,12.12941176,2.00367469
85.9,5.729411765,2.000820486
85.95,8.929411765,2.001992367
86,13.72941176,2.00470688
86.05,3.929411765,2.00038597
86.1,10.12941176,2.002563482
86.15,11.12941176,2.003094202
86.2,11.72941176,2.003436525
86.25,5.329411765,2.00070994
86.3,6.729411765,2.001131804
86.35,11.32941176,2.003206319
86.4,14.12941176,2.004984795
86.45,7.729411765,2.001493038
86.5,9.929411765,2.002463313
86.55,5.729411765,2.000820486
86.6,7.929411765,2.001571272
86.65,5.929411765,2.000878755
86.7,12.72941176,2.004046854
86.75,14.32941176,2.00512673
86.8,9.329411765,2.002174766
86.85,8.929411765,2.001992367
86.9,15.12941176,2.005714314
86.95,7.529411765,2.001416799
87,2.929411765,2.000214525
87.05,11.92941176,2.003554613
87.1,1.329411765,2.000044183
87.15,8.929411765,2.001992367
87.2,10.52941176,2.002769795
87.25,7.129411765,2.001270309
87.3,11.72941176,2.003436525
87.35,13.12941176,2.004304903
87.4,14.72941176,2.005416555
87.45,13.32941176,2.004436909
87.5,8.329411765,2.001733726
87.55,10.32941176,2.002665642
87.6,0.070588235,2.000000125
87.65,7.929411765,2.001571272
87.7,11.52941176,2.003320427
87.75,7.729411765,2.001493038
87.8,6.329411765,2.001001286
87.85,9.529411765,2.002268955
87.9,7.529411765,2.001416799
87.95,6.529411765,2.001065547
88,3.529411765,2.000311394
88.05,1.329411765,2.000044183
88.1,3.329411765,2.000277105
88.15,9.129411765,2.00208257
88.2,5.129411765,2.000657663
88.25,6.929411765,2.001200059
88.3,6.329411765,2.001001286
88.35,8.729411765,2.001904159
88.4,8.929411765,2.001992367
88.45,13.32941176,2.004436909
88.5,4.129411765,2.000426256
88.55,5.329411765,2.00070994
88.6,7.529411765,2.001416799
88.65,19.72941176,2.009707682
88.7,3.929411765,2.00038597
88.75,7.329411765,2.001342556
88.8,2.129411765,2.000113357
88.85,12.92941176,2.004174885
88.9,8.929411765,2.001992367
88.95,7.329411765,2.001342556
89,5.129411765,2.000657663
89.05,6.529411765,2.001065547
89.1,17.12941176,2.007322016
89.15,13.92941176,2.004844845
89.2,7.529411765,2.001416799
89.25,7.929411765,2.001571272
89.3,6.929411765,2.001200059
89.35,6.729411765,2.001131804
89.4,13.32941176,2.004436909
89.45,15.72941176,2.006175825
89.5,12.32941176,2.003796756
89.55,5.329411765,2.00070994
89.6,8.129411765,2.001651502
89.65,6.129411765,2.000939022
89.7,11.32941176,2.003206319
89.75,4.129411765,2.000426256
89.8,10.32941176,2.002665642
89.85,9.329411765,2.002174766
89.9,11.52941176,2.003320427
89.95,10.72941176,2.002875939
90,11.12941176,2.003094202
90.05,18.12941176,2.008200079
90.1,13.92941176,2.004844845
90.15,4.529411765,2.000512824
90.2,8.729411765,2.001904159
90.25,7.729411765,2.001493038
90.3,0.929411765,2.000021595
90.35,16.32941176,2.006655169
90.4,5.529411765,2.000764214
90.45,7.929411765,2.001571272
90.5,12.52941176,2.003920811
90.55,8.329411765,2.001733726
90.6,7.529411765,2.001416799
90.65,5.129411765,2.000657663
90.7,8.529411765,2.001817945
90.75,12.92941176,2.004174885
90.8,15.92941176,2.006333625
90.85,9.529411765,2.002268955
90.9,10.92941176,2.002984075
90.95,9.929411765,2.002463313
91,6.129411765,2.000939022
91.05,7.529411765,2.001416799
91.1,3.529411765,2.000311394
91.15,10.92941176,2.002984075
91.2,10.52941176,2.002769795
91.25,12.32941176,2.003796756
91.3,8.529411765,2.001817945
91.35,8.529411765,2.001817945
91.4,4.529411765,2.000512824
91.45,8.329411765,2.001733726
91.5,5.529411765,2.000764214
91.55,12.92941176,2.004174885
91.6,15.92941176,2.006333625
91.65,11.52941176,2.003320427
91.7,7.529411765,2.001416799
91.75,14.32941176,2.00512673
91.8,10.12941176,2.002563482
91.85,6.529411765,2.001065547
91.9,10.12941176,2.002563482
91.95,13.12941176,2.004304903
92,8.329411765,2.001733726
92.05,6.129411765,2.000939022
92.1,10.72941176,2.002875939
92.15,9.329411765,2.002174766
92.2,4.729411765,2.000559105
92.25,12.12941176,2.00367469
92.3,7.529411765,2.001416799
92.35,8.329411765,2.001733726
92.4,4.929411765,2.000607385
92.45,12.72941176,2.004046854
92.5,8.329411765,2.001733726
92.55,10.72941176,2.002875939
92.6,20.52941176,2.01050881
92.65,6.529411765,2.001065547
92.7,2.929411765,2.000214525
92.75,13.72941176,2.00470688
92.8,10.92941176,2.002984075
92.85,8.529411765,2.001817945
92.9,6.929411765,2.001200059
92.95,1.729411765,2.00007477
93,9.929411765,2.002463313
93.05,7.129411765,2.001270309
93.1,2.929411765,2.000214525
93.15,13.52941176,2.004570901
93.2,11.72941176,2.003436525
93.25,7.729411765,2.001493038
93.3,4.129411765,2.000426256
93.35,9.329411765,2.002174766
93.4,8.729411765,2.001904159
93.45,9.329411765,2.002174766
93.5,7.129411765,2.001270309
93.55,5.929411765,2.000878755
93.6,13.32941176,2.004436909
93.65,3.929411765,2.00038597
93.7,10.12941176,2.002563482
93.75,9.529411765,2.002268955
93.8,14.12941176,2.004984795
93.85,11.72941176,2.003436525
93.9,11.92941176,2.003554613
93.95,6.129411765,2.000939022
94,6.329411765,2.001001286
94.05,8.129411765,2.001651502
94.1,13.92941176,2.004844845
94.15,12.52941176,2.003920811
94.2,14.32941176,2.00512673
94.25,6.529411765,2.001065547
94.3,17.72941176,2.007842923
94.35,1.929411765,2.000093064
94.4,0.729411765,2.000013301
94.45,5.729411765,2.000820486
94.5,4.129411765,2.000426256
94.55,16.32941176,2.006655169
94.6,8.129411765,2.001651502
94.65,4.129411765,2.000426256
94.7,7.129411765,2.001270309
94.75,9.329411765,2.002174766
94.8,10.12941176,2.002563482
94.85,7.529411765,2.001416799
94.9,7.329411765,2.001342556
94.95,5.129411765,2.000657663
95,14.52941176,2.00527065
95.05,7.729411765,2.001493038
95.1,8.929411765,2.001992367
95.15,6.329411765,2.001001286
95.2,2.529411765,2.000159942
95.25,8.529411765,2.001817945
95.3,7.129411765,2.001270309
95.35,6.729411765,2.001131804
95.4,5.329411765,2.00070994
95.45,11.32941176,2.003206319
95.5,8.129411765,2.001651502
95.55,9.129411765,2.00208257
95.6,8.129411765,2.001651502
95.65,8.929411765,2.001992367
95.7,12.92941176,2.004174885
95.75,5.529411765,2.000764214
95.8,5.929411765,2.000878755
95.85,8.729411765,2.001904159
95.9,10.32941176,2.002665642
95.95,3.129411765,2.000244815
96,4.929411765,2.000607385
96.05,5.529411765,2.000764214
96.1,6.129411765,2.000939022
96.15,4.529411765,2.000512824
96.2,4.929411765,2.000607385
96.25,8.329411765,2.001733726
96.3,4.729411765,2.000559105
96.35,12.32941176,2.003796756
96.4,8.329411765,2.001733726
96.45,7.729411765,2.001493038
96.5,10.52941176,2.002769795
96.55,6.729411765,2.001131804
96.6,1.729411765,2.00007477
96.65,10.92941176,2.002984075
96.7,4.129411765,2.000426256
96.75,9.529411765,2.002268955
96.8,10.52941176,2.002769795
96.85,11.72941176,2.003436525
96.9,11.32941176,2.003206319
96.95,13.72941176,2.00470688
97,12.72941176,2.004046854
97.05,7.729411765,2.001493038
97.1,9.529411765,2.002268955
97.15,10.92941176,2.002984075
97.2,3.929411765,2.00038597
97.25,1.270588235,2.000040359
97.3,11.12941176,2.003094202
97.35,1.529411765,2.000058477
97.4,3.129411765,2.000244815
97.45,3.129411765,2.000244815
97.5,0.529411765,2.000007007
97.55,4.529411765,2.000512824
97.6,5.729411765,2.000820486
97.65,12.12941176,2.00367469
97.7,11.52941176,2.003320427
97.75,12.32941176,2.003796756
97.8,11.72941176,2.003436525
97.85,7.729411765,2.001493038
97.9,9.729411765,2.002365138
97.95,10.32941176,2.002665642
98,4.729411765,2.000559105
98.05,8.329411765,2.001733726
98.1,15.32941176,2.005866169
98.15,1.929411765,2.000093064
98.2,7.729411765,2.001493038
98.25,5.729411765,2.000820486
98.3,4.129411765,2.000426256
98.35,5.129411765,2.000657663
98.4,1.929411765,2.000093064
98.45,8.329411765,2.001733726
98.5,9.529411765,2.002268955
98.55,8.129411765,2.001651502
98.6,5.929411765,2.000878755
98.65,9.129411765,2.00208257
98.7,6.329411765,2.001001286
98.75,12.52941176,2.003920811
98.8,2.529411765,2.000159942
98.85,6.129411765,2.000939022
98.9,0.329411765,2.000002713
98.95,5.129411765,2.000657663
99,1.329411765,2.000044183
99.05,1.929411765,2.000093064
99.1,2.929411765,2.000214525
99.15,6.729411765,2.001131804
99.2,7.529411765,2.001416799
99.25,3.329411765,2.000277105
99.3,10.72941176,2.002875939
99.35,3.529411765,2.000311394
99.4,4.329411765,2.00046854
99.45,8.129411765,2.001651502
99.5,12.12941176,2.00367469
99.55,5.529411765,2.000764214
99.6,10.32941176,2.002665642
99.65,6.729411765,2.001131804
99.7,2.929411765,2.000214525
99.75,13.92941176,2.004844845
99.8,7.729411765,2.001493038
99.85,6.929411765,2.001200059
99.9,6.129411765,2.000939022
99.95,9.529411765,2.002268955
100,10.72941176,2.002875939
0,565012.4281,5650.13313
0.05,556040.4281,5560.413273
0.1,526430.4281,5264.313779
0.15,494417.4281,4944.184394
0.2,461741.4281,4617.42511
0.25,434207.4281,4342.085796
0.3,408848.4281,4088.49651
0.35,386566.4281,3865.677215
0.4,364351.4281,3643.528004
0.45,345952.4281,3459.538734
0.5,330636.4281,3306.379403
0.55,314721.4281,3147.230168
0.6,300902.4281,3009.040898
0.65,288353.4281,2883.551621
0.7,275437.4281,2754.392434
0.75,264175.4281,2641.773208
0.8,254317.4281,2543.193941
0.85,245432.4281,2454.344653
0.9,236820.4281,2368.225394
0.95,228339.4281,2283.416178
1,222592.4281,2225.946744
1.05,215895.4281,2158.97744
1.1,210382.4281,2103.848047
1.15,205373.4281,2053.758627
1.2,200006.4281,2000.08928
1.25,194236.4281,1942.390023
1.3,188174.4281,1881.770852
1.35,182429.4281,1824.321689
1.4,176804.4281,1768.072561
1.45,170975.4281,1709.783525
1.5,165913.4281,1659.164417
1.55,161239.4281,1612.425291
1.6,155707.4281,1557.106392
1.65,151372.4281,1513.757312
1.7,147267.4281,1472.708232
1.75,142465.4281,1424.689377
1.8,139360.4281,1393.640159
1.85,136021.4281,1360.251039
1.9,132024.4281,1320.282152
1.95,128437.4281,1284.41321
2,126923.4281,1269.273674
2.05,122100.4281,1221.04523
2.1,119469.4281,1194.736132
2.15,116350.4281,1163.547254
2.2,113429.4281,1134.33836
2.25,110887.4281,1108.919371
2.3,108331.4281,1083.360435
2.35,104991.4281,1049.961903
2.4,103442.4281,1034.472616
2.45,100468.4281,1004.734047
2.5,98076.4281,980.8152604
2.55,95948.4281,959.536391
2.6,93638.4281,936.4376764
2.65,91219.4281,912.2490923
2.7,89384.4281,893.9002175
2.75,87463.4281,874.6914459
2.8,85428.4281,854.3428076
2.85,83454.4281,834.6041918
2.9,81643.4281,816.4955207
2.95,80029.4281,800.3567556
3,78056.4281,780.6283346
3.05,76849.4281,768.5593406
3.1,75683.4281,756.9003428
3.15,73103.4281,731.1026741
3.2,72184.4281,721.9135447
3.25,70432.4281,704.3952675
3.3,69059.4281,690.6666787
3.35,67799.4281,678.068024
3.4,66278.4281,662.8597161
3.45,65540.4281,655.4805654
3.5,64120.4281,641.2822546
3.55,62632.4281,626.4041068
3.6,61688.4281,616.9653282
3.65,60384.4281,603.9270782
3.7,58849.4281,588.5792375
3.75,57810.4281,578.1907642
3.8,57074.4281,570.8318792
3.85,55663.4281,556.7240994
3.9,54968.4281,549.7752348
3.95,53586.4281,535.9575801
4,52942.4281,529.5187148
4.05,51440.4281,514.5014717
4.1,50712.4281,507.2228666
4.15,49721.4281,497.3148311
4.2,49258.4281,492.6857761
4.25,47890.4281,479.0086747
4.3,47029.4281,470.4005854
4.35,46366.4281,463.7721052
4.4,45622.4281,456.3338631
4.45,44412.4281,444.2368479
4.5,43663.4281,436.7487783
4.55,42982.4281,429.9405919
4.6,41793.4281,418.0539
4.65,41091.4281,411.0359429
4.7,40995.4281,410.0762277
4.75,40196.4281,402.088651
4.8,39340.4281,393.5313562
4.85,38650.4281,386.6336241
4.9,37999.4281,380.1258392
4.95,37011.4281,370.2493498
5,36759.4281,367.7302754
5.05,36372.4281,363.8617218
5.1,35621.4281,356.3546184
5.15,34750.4281,347.6481344
5.2,33937.4281,339.521579
5.25,33353.4281,333.684157
5.3,32838.4281,328.5365064
5.35,32452.4281,324.6783162
5.4,32039.4281,320.5503008
5.45,31619.4281,316.3523722
5.5,31010.4281,310.2654752
5.55,30403.4281,304.1986917
5.6,29705.4281,297.2225528
5.65,29114.4281,291.3159666
5.7,28738.4281,287.5582115
5.75,28453.4281,284.7099526
5.8,28019.4281,280.3726719
5.85,27369.4281,273.8769057
5.9,26935.4281,269.5398463
5.95,26420.4281,264.3934608
6,26270.4281,262.8945402
6.05,25622.4281,256.4193483
6.1,25390.4281,254.1011293
6.15,25072.4281,250.923624
6.2,24770.4281,247.9060525
6.25,23789.4281,238.1043657
6.3,23729.4281,237.5048964
6.35,23341.4281,233.6283942
6.4,22970.4281,229.9218492
6.45,22727.4281,227.4941732
6.5,22284.4281,223.0685401
6.55,21848.4281,218.7130107
6.6,21796.4281,218.1935558
6.65,21270.4281,212.9392194
6.7,20778.4281,208.024776
6.75,20460.4281,204.8485094
6.8,20485.4281,205.0982117
6.85,20008.4281,200.3340199
6.9,19664.4281,196.8983831
6.95,19471.4281,194.9708985
7,19181.4281,192.074773
7.05,19057.4281,190.8364656
7.1,18177.4281,182.0491397
7.15,18287.4281,183.1474888
7.2,17693.4281,177.2166465
7.25,17478.4281,175.0701142
7.3,17454.4281,174.8305066
7.35,17174.4281,172.0351652
7.4,17123.4281,171.5260301
7.45,16702.4281,167.3233709
7.5,16512.4281,165.4268061
7.55,16281.4281,163.1210903
7.6,15765.4281,157.9711123
7.65,15969.4281,160.007073
7.7,15440.4281,154.7277674
7.75,15369.4281,154.0192586
7.8,15108.4281,151.4148605
7.85,14834.4281,148.6809528
7.9,14676.4281,147.1045689
7.95,14252.4281,142.8746678
8,14230.4281,142.6552081
8.05,14095.4281,141.3085608
8.1,14013.4281,140.4906286
8.15,13689.4281,137.2590404
8.2,13446.4281,134.8356143
8.25,13179.4281,132.1731157
8.3,13033.4281,130.717347
8.35,12849.4281,128.882816
8.4,12857.4281,128.962575
8.45,12576.4281,126.1612238
8.5,12198.4281,122.3934836
8.55,12326.4281,123.6692483
8.6,11955.4281,119.9717722
8.65,11966.4281,120.0813897
8.7,11669.4281,117.1219673
8.75,11495.4281,115.3884168
8.8,11453.4281,114.9700028
8.85,11241.4281,112.8581879
8.9,10989.4281,110.3483258
8.95,11014.4281,110.5972995
9,10900.4281,109.4620176
9.05,10441.4281,104.8920497
9.1,10401.4281,104.4938786
9.15,10194.4281,102.4335709
9.2,10093.4281,101.4284432
9.25,10117.4281,101.6672767
9.3,9602.428105,96.5435785
9.35,9633.428105,96.85191637
9.4,9699.428105,97.50841274
9.45,9712.428105,97.6377282
9.5,9327.428105,93.80880292
9.55,9261.428105,93.15259016
9.6,9288.428105,93.42103438
9.65,9059.428105,91.14452127
9.7,8843.428105,88.99787674
9.75,8845.428105,89.01775011
9.8,8686.428105,87.43799701
9.85,8603.428105,86.61349499
9.9,8678.428105,87.3585224
9.95,8349.428105,84.09099219
10,8202.428105,82.63160824
10.05,8121.428105,81.82762031
10.1,8203.428105,82.64153476
10.15,7944.428105,80.07117953
10.2,7788.428105,78.52363488
10.25,7735.428105,77.99797944
10.3,7500.428105,75.66797325
10.35,7507.428105,75.73735983
10.4,7359.428105,74.27057427
10.45,7181.428105,72.50717869
10.5,7329.428105,73.97331704
10.55,7194.428105,72.63593859
10.6,7149.428105,72.19025019
10.65,6930.428105,70.02202062
10.7,6942.428105,70.14079269
10.75,6772.428105,68.4585878
10.8,6525.428105,66.0160677
10.85,6801.428105,68.74549022
10.9,6553.428105,66.29285023
10.95,6532.428105,66.08526079
11,6432.428105,65.09695179
11.05,6344.428105,64.22753924
11.1,6359.428105,64.37571422
11.15,6079.428105,61.61123768
11.2,5974.428105,60.57540027
11.25,5994.428105,60.77266516
11.3,5860.428105,59.4513394
11.35,5868.428105,59.53020109
11.4,5743.428105,58.29834165
11.45,5947.428105,60.30912125
11.5,5709.428105,57.96341025
11.55,5701.428105,57.88461145
11.6,5467.428105,55.5812649
11.65,5529.428105,56.19125836
11.7,5402.428105,54.94199616
11.75,5254.428105,53.48739544
11.8,5357.428105,54.49957421
11.85,5166.428105,52.62316919
11.9,5339.428105,54.32264029
11.95,5196.428105,52.91773337
12,5094.428105,51.91646917
12.05,4913.428105,50.1415753
12.1,4904.428105,50.05338653
12.15,4791.428105,48.94668863
12.2,4826.428105,49.28935813
12.25,4833.428105,49.35790437
12.3,4695.428105,48.00733807
12.35,4571.428105,46.79525074
12.4,4722.428105,48.27144829
12.45,4497.428105,46.07261611
12.5,4584.428105,46.92225596
12.55,4428.428105,45.39931219
12.6,4360.428105,44.7362641
12.65,4263.428105,43.79134527
12.7,4300.428105,44.15164989
12.75,4190.428105,43.080956
12.8,4159.428105,42.77948358
12.85,4139.428105,42.58505023
12.9,4085.428105,42.06034094
12.95,4103.428105,42.23520121
13,4083.428105,42.0409147
13.05,4088.428105,42.08948131
13.1,4002.428105,41.25461275
13.15,3904.428105,40.30453923
13.2,3841.428105,39.69454608
13.25,3931.428105,40.56615207
13.3,3826.428105,39.54940207
13.35,3670.428105,38.04213778
13.4,3682.428105,38.15793069
13.45,3685.428105,38.18688298
13.5,3761.428105,38.92087022
13.55,3550.428105,36.88568791
13.6,3577.428105,37.14564826
13.65,3589.428105,37.26123202
13.7,3519.428105,36.58739425
13.75,3472.428105,36.13551846
13.8,3371.428105,35.1660738
13.85,3333.428105,34.80192944
13.9,3281.428105,34.30418401
13.95,3303.428105,34.51468853
14,3300.428105,34.48597639
14.05,3296.428105,34.44769695
14.1,3231.428105,33.82621409
14.15,3039.428105,31.99706737
14.2,3220.428105,33.72114645
14.25,3069.428105,32.28217603
14.3,3068.428105,32.27266805
14.35,2996.428105,31.58889265
14.4,2902.428105,30.69867897
14.45,3041.428105,32.01606615
14.5,3014.428105,31.75968639
14.55,2895.428105,30.63250546
14.6,2841.428105,30.12260559
14.65,2819.428105,29.91517146
14.7,2772.428105,29.47262729
14.75,2860.428105,30.30189588
14.8,2724.428105,29.02155836
14.85,2717.428105,28.9558552
14.9,2639.428105,28.22513192
14.95,2678.428105,28.59016809
15,2638.428105,28.2157808
15.05,2657.428105,28.39352766
15.1,2591.428105,27.77678819
15.15,2522.428105,27.13419161
15.2,2521.428105,27.12489574
15.25,2574.428105,27.61825495
15.3,2518.428105,27.09701112
15.35,2508.428105,27.00409516
15.4,2596.428105,27.82344138
15.45,2521.428105,27.12489574
15.5,2487.428105,26.80913758
15.55,2409.428105,26.08705386
15.6,2361.428105,25.64438085
15.65,2354.428105,25.57993686
15.7,2408.428105,26.07781804
15.75,2403.428105,26.03164738
15.8,2407.428105,26.06858277
15.85,2325.428105,25.31326899
15.9,2311.428105,25.18471736
15.95,2250.428105,24.62605663
16,2269.428105,24.79980629
16.05,2184.428105,24.02441705
16.1,2196.428105,24.13357913
16.15,2205.428105,24.21551801
16.2,2221.428105,24.3613276
16.25,2136.428105,23.5888216
16.3,2132.428105,23.5525999
16.35,2178.428105,23.96987486
16.4,2055.428105,22.85778794
16.45,2084.428105,23.11891114
16.5,2086.428105,23.13694499
16.55,1996.428105,22.32873748
16.6,1926.428105,21.70512668
16.65,1984.428105,22.22150963
16.7,1942.428105,21.84725828
16.75,1969.428105,22.08765958
16.8,1894.428105,21.42161955
16.85,1956.428105,21.97182498
16.9,1943.428105,21.8561497
16.95,1925.428105,21.69625172
17,1846.428105,20.99832552
17.05,1771.428105,20.34197023
17.1,1823.428105,20.79637
17.15,1767.428105,20.30714678
17.2,1759.428105,20.2375573
17.25,1790.428105,20.50763955
17.3,1776.428105,20.38552626
17.35,1750.428105,20.15936147
17.4,1821.428105,20.7788362
17.45,1751.428105,20.16804504
17.5,1795.428105,20.55130672
17.55,1658.428105,19.36590762
17.6,1680.428105,19.55463785
17.65,1596.428105,18.83768216
17.7,1689.428105,19.63203331
17.75,1633.428105,19.15225149
17.8,1649.428105,19.28889077
17.85,1554.428105,18.48309155
17.9,1629.428105,19.11814831
17.95,1610.428105,18.95647298
18,1574.428105,18.65160544
18.05,1513.428105,18.13963789
18.1,1627.428105,19.1011053
18.15,1522.428105,18.21479435
18.2,1588.428105,18.76993299
18.25,1549.428105,18.44106139
18.3,1488.428105,17.93158728
18.35,1500.428105,18.03131858
18.4,1517.428105,18.17302411
18.45,1494.428105,17.98142197
18.5,1450.428105,17.61743933
18.55,1532.428105,18.29845867
18.6,1414.428105,17.32225985
18.65,1430.428105,17.45315032
18.7,1475.428105,17.82382701
18.75,1456.428105,17.66686963
18.8,1436.428105,17.50235898
18.85,1379.428105,17.03766972
18.9,1342.428105,16.73951378
18.95,1394.428105,17.15934072
19,1399.428105,17.19999715
19.05,1428.428105,17.43676246
19.1,1317.428105,16.53970015
19.15,1297.428105,16.38084151
19.2,1277.428105,16.22289297
19.25,1283.428105,16.27018039
19.3,1237.428105,15.90983442
19.35,1306.428105,16.45221685
19.4,1297.428105,16.38084151
19.45,1273.428105,16.19141482
19.5,1292.428105,16.34126802
19.55,1287.428105,16.30175182
19.6,1274.428105,16.19928083
19.65,1229.428105,15.84769215
19.7,1298.428105,16.38876305
19.75,1228.428105,15.83993563
19.8,1177.428105,15.44777311
19.85,1192.428105,15.56240593
19.9,1243.428105,15.95654553
19.95,1192.428105,15.56240593
20,1182.428105,15.4859169
20.05,1176.428105,15.44015248
20.1,1152.428105,15.25808158
20.15,1128.428105,15.0776324
20.2,1152.428105,15.25808158
20.25,1084.428105,14.75121796
20.3,1072.428105,14.66322625
20.35,1115.428105,14.98058696
20.4,1119.428105,15.010394
20.45,1137.428105,15.14510711
20.5,1090.428105,14.79538256
20.55,1069.428105,14.64129936
20.6,1005.428105,14.18057006
20.65,1109.428105,14.93596572
20.7,1032.428105,14.37326613
20.75,1059.428105,14.56841758
20.8,1030.428105,14.35890692
20.85,1031.428105,14.36608484
20.9,1040.428105,14.43083726
20.95,1035.428105,14.39483018
21,1053.428105,14.52484345
21.05,944.4281046,13.75479714
21.1,957.4281046,13.84438
21.15,962.4281046,13.87900521
21.2,969.4281046,13.92763745
21.25,995.4281046,14.10984448
21.3,987.4281046,14.05352006
21.35,906.4281046,13.49671037
21.4,1013.428105,14.23740329
21.45,1006.428105,14.187662
21.5,956.4281046,13.83746624
21.55,958.4281046,13.85129753
21.6,1015.428105,14.25164635
21.65,915.4281046,13.55731764
21.7,939.4281046,13.72051444
21.75,920.4281046,13.59112908
21.8,942.4281046,13.74107249
21.85,982.4281046,14.01843422
21.9,915.4281046,13.55731764
21.95,890.4281046,13.38978047
22,888.4281046,13.37648869
22.05,937.4281046,13.70682841
22.1,887.4281046,13.36984907
22.15,895.4281046,13.4230827
22.2,851.4281046,13.13365835
22.25,877.4281046,13.303684
22.3,880.4281046,13.32348921
22.35,807.4281046,12.85278236
22.4,838.4281046,13.04975742
22.45,834.4281046,13.02409406
22.5,880.4281046,13.32348921
22.55,846.4281046,13.10129969
22.6,832.4281046,13.01128952
22.65,811.4281046,12.87794847
22.7,812.4281046,12.88425172
22.75,817.4281046,12.91583798
22.8,817.4281046,12.91583798
22.85,854.4281046,13.15312657
22.9,762.4281046,12.57496169
22.95,843.4281046,13.08193781
23,779.4281046,12.67875455
23.05,766.4281046,12.5992541
23.1,792.4281046,12.75908422
23.15,803.4281046,12.82769161
23.2,789.4281046,12.74047382
23.25,762.4281046,12.57496169
23.3,773.4281046,12.64195805
23.35,780.4281046,12.68490452
23.4,824.4281046,12.96025347
23.45,767.4281046,12.60533972
23.5,699.4281046,12.20327691
23.55,802.4281046,12.82143074
23.6,771.4281046,12.62973207
23.65,778.4281046,12.67260949
23.7,767.4281046,12.60533972
23.75,718.4281046,12.31315939
23.8,736.4281046,12.41904325
23.85,716.4281046,12.30150084
23.9,735.4281046,12.41311604
23.95,754.4281046,12.52661872
24,706.4281046,12.24353163
24.05,773.4281046,12.64195805
24.1,709.4281046,12.26086553
24.15,698.4281046,12.19754819
24.2,718.4281046,12.31315939
24.25,721.4281046,12.33068737
24.3,672.4281046,12.05055831
24.35,747.4281046,12.48458558
24.4,736.4281046,12.41904325
24.45,672.4281046,12.05055831
24.5,688.4281046,12.14056529
24.55,680.4281046,12.09538096
24.6,675.4281046,12.06732416
24.65,722.4281046,12.33654071
24.7,725.4281046,12.35413265
24.75,644.4281046,11.89658599
24.8,661.4281046,11.98952517
24.85,694.4281046,12.17468847
24.9,637.4281046,11.85881355
24.95,601.4281046,11.66925775
25,617.4281046,11.75252085
25.05,623.4281046,11.78415292
25.1,635.4281046,11.84807527
25.15,634.4281046,11.84271514
25.2,646.4281046,11.90743169
25.25,651.4281046,11.93464945
25.3,624.4281046,11.78944637
25.35,585.4281046,11.58760573
25.4,651.4281046,11.93464945
25.45,631.4281046,11.82667092
25.5,578.4281046,11.55239833
25.55,610.4281046,11.7158972
25.6,573.4281046,11.5274446
25.65,651.4281046,11.93464945
25.7,606.4281046,11.69510601
25.75,574.4281046,11.53242233
25.8,592.4281046,11.62312806
25.85,609.4281046,11.71069005
25.9,590.4281046,11.61294686
25.95,618.4281046,11.75777751
26,591.4281046,11.61803427
26.05,591.4281046,11.61803427
26.1,569.4281046,11.50759908
26.15,558.4281046,11.4535669
26.2,619.4281046,11.76304032
26.25,593.4281046,11.62822822
26.3,575.4281046,11.53740657
26.35,595.4281046,11.63844761
26.4,566.4281046,11.49278381
26.45,558.4281046,11.4535669
26.5,542.4281046,11.37641529
26.55,570.4281046,11.51255064
26.6,579.4281046,11.55740857
26.65,593.4281046,11.62822822
26.7,547.4281046,11.40034004
26.75,588.4281046,11.60279119
26.8,555.4281046,11.43897014
26.85,568.4281046,11.50265409
26.9,519.4281046,11.26856493
26.95,571.4281046,11.51750875
27,548.4281046,11.40514527
27.05,548.4281046,11.40514527
27.1,569.4281046,11.50759908
27.15,546.4281046,11.39554156
27.2,536.4281046,11.34792982
27.25,524.4281046,11.29169977
27.3,510.4281046,11.22736323
27.35,516.4281046,11.25476782
27.4,521.4281046,11.27779796
27.45,541.4281046,11.37165068
27.5,553.4281046,11.42927236
27.55,538.4281046,11.35739769
27.6,455.4281046,10.98824262
27.65,517.4281046,11.25935985
27.7,525.4281046,11.29634761
27.75,567.4281046,11.49771566
27.8,534.4281046,11.33848931
27.85,537.4281046,11.35266034
27.9,488.4281046,11.1290701
27.95,531.4281046,11.32438003
28,522.4281046,11.28242494
28.05,492.4281046,11.14668309
28.1,494.4281046,11.15553293
28.15,501.4281046,11.18673386
28.2,511.4281046,11.23191304
28.25,495.4281046,11.15996867
28.3,524.4281046,11.29169977
28.35,459.4281046,11.00488157
28.4,463.4281046,11.02164057
28.45,499.4281046,11.17778346
28.5,531.4281046,11.32438003
28.55,507.4281046,11.2137562
28.6,491.4281046,11.14226899
28.65,446.4281046,10.95124674
28.7,474.4281046,11.06834236
28.75,498.4281046,11.173319
28.8,473.4281046,11.0640597
28.85,479.4281046,11.08986613
28.9,475.4281046,11.0726324
28.95,485.4281046,11.11593651
29,461.4281046,11.0132461
29.05,482.4281046,11.10286844
29.1,485.4281046,11.11593651
29.15,458.4281046,11.00071055
29.2,516.4281046,11.25476782
29.25,444.4281046,10.94310897
29.3,459.4281046,11.00488157
29.35,423.4281046,10.85951822
29.4,423.4281046,10.85951822
29.45,393.4281046,10.74609545
29.5,442.4281046,10.93500173
29.55,478.4281046,11.08554668
29.6,480.4281046,11.09419291
29.65,419.4281046,10.84398421
29.7,433.4281046,10.89889867
29.75,461.4281046,11.0132461
29.8,424.4281046,10.86342127
29.85,446.4281046,10.95124674
29.9,407.4281046,10.79813716
29.95,441.4281046,10.93095957
30,451.4281046,10.97172427
30.05,443.4281046,10.93905153
30.1,427.4281046,10.87517717
30.15,451.4281046,10.97172427
30.2,386.4281046,10.72066546
30.25,382.4281046,10.70631241
30.3,453.4281046,10.97996833
30.35,419.4281046,10.84398421
30.4,427.4281046,10.87517717
30.45,402.4281046,10.77937094
30.5,460.4281046,11.00906008
30.55,421.4281046,10.85173556
30.6,420.4281046,10.84785597
30.65,432.4281046,10.89492573
30.7,435.4281046,10.90686772
30.75,410.4281046,10.80949226
30.8,412.4281046,10.81710193
30.85,381.4281046,10.7027445
30.9,384.4281046,10.71347268
30.95,377.4281046,10.68855451
31,416.4281046,10.83241601
31.05,376.4281046,10.68502746
31.1,431.4281046,10.89096052
31.15,415.4281046,10.82857567
31.2,385.4281046,10.71706501
31.25,382.4281046,10.70631241
31.3,390.4281046,10.73514837
31.35,424.4281046,10.86342127
31.4,392.4281046,10.74243835
31.45,397.4281046,10.76080433
31.5,417.4281046,10.83626422
31.55,414.4281046,10.8247432
31.6,340.4281046,10.5635756
31.65,392.4281046,10.74243835
31.7,390.4281046,10.73514837
31.75,378.4281046,10.69208974
31.8,398.4281046,10.76450164
31.85,416.4281046,10.83241601
31.9,391.4281046,10.73878932
31.95,407.4281046,10.79813716
32,368.4281046,10.65710687
32.05,369.4281046,10.66056811
32.1,353.4281046,10.60618416
32.15,341.4281046,10.5668025
32.2,362.4281046,10.6365132
32.25,375.4281046,10.68150861
32.3,375.4281046,10.68150861
32.35,350.4281046,10.59622507
32.4,358.4281046,10.62295018
32.45,370.4281046,10.66403761
32.5,405.4281046,10.79060679
32.55,366.4281046,10.65020918
32.6,374.4281046,10.67799797
32.65,337.4281046,10.55394583
32.7,381.4281046,10.7027445
32.75,386.4281046,10.72066546
32.8,356.4281046,10.61621869
32.85,377.4281046,10.68855451
32.9,361.4281046,10.63310996
32.95,375.4281046,10.68150861
33,386.4281046,10.72066546
33.05,364.4281046,10.6433446
33.1,352.4281046,10.60285607
33.15,328.4281046,10.52551671
33.2,370.4281046,10.66403761
33.25,363.4281046,10.63992475
33.3,320.4281046,10.50082935
33.35,322.4281046,10.50694952
33.4,366.4281046,10.65020918
33.45,335.4281046,10.5475685
33.5,337.4281046,10.55394583
33.55,333.4281046,10.54122527
33.6,360.4281046,10.62971504
33.65,350.4281046,10.59622507
33.7,366.4281046,10.65020918
33.75,361.4281046,10.63310996
33.8,361.4281046,10.63310996
33.85,345.4281046,10.57979478
33.9,334.4281046,10.54439262
33.95,318.4281046,10.49474372
34,309.4281046,10.4677875
34.05,317.4281046,10.49171388
34.1,340.4281046,10.5635756
34.15,295.4281046,10.42726122
34.2,310.4281046,10.47074786
34.25,327.4281046,10.52240069
34.3,290.4281046,10.41320548
34.35,306.4281046,10.45895876
34.4,351.4281046,10.59953637
34.45,282.4281046,10.39117719
34.5,331.4281046,10.53491618
34.55,375.4281046,10.68150861
34.6,303.4281046,10.45020868
34.65,327.4281046,10.52240069
34.7,306.4281046,10.45895876
34.75,291.4281046,10.41599894
34.8,329.4281046,10.5286413
34.85,279.4281046,10.38306345
34.9,307.4281046,10.46189294
34.95,340.4281046,10.5635756
35,348.4281046,10.58962768
35.05,306.4281046,10.45895876
35.1,295.4281046,10.42726122
35.15,305.4281046,10.45603332
35.2,328.4281046,10.52551671
35.25,317.4281046,10.49171388
35.3,318.4281046,10.49474372
35.35,296.4281046,10.43009885
35.4,309.4281046,10.4677875
35.45,322.4281046,10.50694952
35.5,318.4281046,10.49474372
35.55,306.4281046,10.45895876
35.6,269.4281046,10.35659936
35.65,303.4281046,10.45020868
35.7,287.4281046,10.40487826
35.75,297.4281046,10.43294531
35.8,303.4281046,10.45020868
35.85,292.4281046,10.41880126
35.9,313.4281046,10.47968118
35.95,297.4281046,10.43294531
36,250.4281046,10.30880321
36.05,283.4281046,10.39389961
36.1,307.4281046,10.46189294
36.15,298.4281046,10.43580056
36.2,272.4281046,10.36444438
36.25,273.4281046,10.36707735
36.3,250.4281046,10.30880321
36.35,279.4281046,10.38306345
36.4,274.4281046,10.3697193
36.45,289.4281046,10.41042087
36.5,283.4281046,10.39389961
36.55,305.4281046,10.45603332
36.6,300.4281046,10.44153746
36.65,303.4281046,10.45020868
36.7,304.4281046,10.45311662
36.75,300.4281046,10.44153746
36.8,271.4281046,10.36182038
36.85,304.4281046,10.45311662
36.9,324.4281046,10.51310418
36.95,271.4281046,10.36182038
37,297.4281046,10.43294531
37.05,284.4281046,10.39663093
37.1,298.4281046,10.43580056
37.15,263.4281046,10.34115258
37.2,261.4281046,10.33607592
37.25,274.4281046,10.3697193
37.3,292.4281046,10.41880126
37.35,269.4281046,10.35659936
37.4,292.4281046,10.41880126
37.45,272.4281046,10.36444438
37.5,298.4281046,10.43580056
37.55,280.4281046,10.3857591
37.6,231.4281046,10.26430206
37.65,252.4281046,10.31367998
37.7,265.4281046,10.34626541
37.75,262.4281046,10.33860972
37.8,252.4281046,10.31367998
37.85,259.4281046,10.33103548
37.9,247.4281046,10.30155652
37.95,282.4281046,10.39117719
38,276.4281046,10.37503011
38.05,280.4281046,10.3857591
38.1,260.4281046,10.33355117
38.15,251.4281046,10.31123703
38.2,273.4281046,10.36707735
38.25,232.4281046,10.26656137
38.3,263.4281046,10.34115258
38.35,227.4281046,10.25535735
38.4,238.4281046,10.28031109
38.45,245.4281046,10.29677112
38.5,261.4281046,10.33607592
38.55,272.4281046,10.36444438
38.6,263.4281046,10.34115258
38.65,220.4281046,10.24006128
38.7,251.4281046,10.31123703
38.75,249.4281046,10.30637851
38.8,257.4281046,10.32603132
38.85,243.4281046,10.29202236
38.9,251.4281046,10.31123703
38.95,259.4281046,10.33103548
39,252.4281046,10.31367998
39.05,217.4281046,10.23364539
39.1,220.4281046,10.24006128
39.15,264.4281046,10.34370447
39.2,255.4281046,10.32106349
39.25,280.4281046,10.3857591
39.3,227.4281046,10.25535735
39.35,222.4281046,10.2443851
39.4,234.4281046,10.27110771
39.45,217.4281046,10.23364539
39.5,238.4281046,10.28031109
39.55,249.4281046,10.30637851
39.6,243.4281046,10.29202236
39.65,245.4281046,10.29677112
39.7,232.4281046,10.26656137
39.75,225.4281046,10.25094059
39.8,244.4281046,10.29439215
39.85,243.4281046,10.29202236
39.9,228.4281046,10.25757963
39.95,238.4281046,10.28031109
40,199.4281046,10.19691899
40.05,221.4281046,10.24221854
40.1,209.4281046,10.21694735
40.15,211.4281046,10.22106571
40.2,243.4281046,10.29202236
40.25,232.4281046,10.26656137
40.3,228.4281046,10.25757963
40.35,255.4281046,10.32106349
40.4,258.4281046,10.32852887
40.45,246.4281046,10.29915924
40.5,233.4281046,10.26882992
40.55,204.4281046,10.20681561
40.6,233.4281046,10.26882992
40.65,235.4281046,10.27339473
40.7,238.4281046,10.28031109
40.75,212.4281046,10.22313895
40.8,203.4281046,10.20481746
40.85,222.4281046,10.2443851
40.9,201.4281046,10.20084938
40.95,220.4281046,10.24006128
41,223.4281046,10.24656097
41.05,248.4281046,10.30396294
41.1,223.4281046,10.24656097
41.15,206.4281046,10.21084013
41.2,224.4281046,10.24874614
41.25,228.4281046,10.25757963
41.3,230.4281046,10.26205199
41.35,214.4281046,10.22731349
41.4,237.4281046,10.27799642
41.45,242.4281046,10.28966173
41.5,220.4281046,10.24006128
41.55,249.4281046,10.30637851
41.6,220.4281046,10.24006128
41.65,221.4281046,10.24221854
41.7,229.4281046,10.25981118
41.75,232.4281046,10.26656137
41.8,227.4281046,10.25535735
41.85,243.4281046,10.29202236
41.9,228.4281046,10.25757963
41.95,235.4281046,10.27339473
42,239.4281046,10.28263496
42.05,180.4281046,10.16146791
42.1,183.4281046,10.16683761
42.15,244.4281046,10.29439215
42.2,250.4281046,10.30880321
42.25,218.4281046,10.2357747
42.3,209.4281046,10.21694735
42.35,235.4281046,10.27339473
42.4,192.4281046,10.18346
42.45,223.4281046,10.24656097
42.5,233.4281046,10.26882992
42.55,203.4281046,10.20481746
42.6,213.4281046,10.22522154
42.65,214.4281046,10.22731349
42.7,205.4281046,10.20882317
42.75,197.4281046,10.19302632
42.8,219.4281046,10.23791333
42.85,223.4281046,10.24656097
42.9,203.4281046,10.20481746
42.95,236.4281046,10.27569097
43,210.4281046,10.21900185
43.05,189.4281046,10.17783379
43.1,190.4281046,10.17969972
43.15,199.4281046,10.19691899
43.2,213.4281046,10.22522154
43.25,196.4281046,10.19109415
43.3,225.4281046,10.25094059
43.35,203.4281046,10.20481746
43.4,207.4281046,10.21286649
43.45,180.4281046,10.16146791
43.5,187.4281046,10.1741304
43.55,210.4281046,10.21900185
43.6,203.4281046,10.20481746
43.65,198.4281046,10.19496794
43.7,208.4281046,10.21490223
43.75,200.4281046,10.19887947
43.8,140.4281046,10.0981189
43.85,199.4281046,10.19691899
43.9,225.4281046,10.25094059
43.95,192.4281046,10.18346
44,211.4281046,10.22106571
44.05,152.4281046,10.11550457
44.1,200.4281046,10.19887947
44.15,158.4281046,10.12471957
44.2,200.4281046,10.19887947
44.25,191.4281046,10.18157512
44.3,187.4281046,10.1741304
44.35,202.4281046,10.20282871
44.4,193.4281046,10.18535435
44.45,191.4281046,10.18157512
44.5,209.4281046,10.21694735
44.55,200.4281046,10.19887947
44.6,171.4281046,10.14587401
44.65,189.4281046,10.17783379
44.7,212.4281046,10.22313895
44.75,176.4281046,10.15444177
44.8,199.4281046,10.19691899
44.85,154.4281046,10.11853764
44.9,165.4281046,10.13590873
44.95,196.4281046,10.19109415
45,188.4281046,10.17597735
45.05,208.4281046,10.21490223
45.1,184.4281046,10.16864655
45.15,190.4281046,10.17969972
45.2,196.4281046,10.19109415
45.25,183.4281046,10.16683761
45.3,168.4281046,10.14084822
45.35,164.4281046,10.13428143
45.4,188.4281046,10.17597735
45.45,184.4281046,10.16864655
45.5,199.4281046,10.19691899
45.55,191.4281046,10.18157512
45.6,209.4281046,10.21694735
45.65,184.4281046,10.16864655
45.7,188.4281046,10.17597735
45.75,165.4281046,10.13590873
45.8,162.4281046,10.13105567
45.85,215.4281046,10.22941478
45.9,152.4281046,10.11550457
45.95,172.4281046,10.14756843
46,183.4281046,10.16683761
46.05,157.4281046,10.12315963
46.1,163.4281046,10.13266374
46.15,168.4281046,10.14084822
46.2,178.4281046,10.15793576
46.25,161.4281046,10.12945721
46.3,161.4281046,10.12945721
46.35,165.4281046,10.13590873
46.4,169.4281046,10.1425139
46.45,178.4281046,10.15793576
46.5,152.4281046,10.11550457
46.55,160.4281046,10.12786837
46.6,177.4281046,10.15618399
46.65,186.4281046,10.17229295
46.7,181.4281046,10.16324829
46.75,175.4281046,10.1527091
46.8,168.4281046,10.14084822
46.85,185.4281046,10.17046499
46.9,180.4281046,10.16146791
46.95,178.4281046,10.15793576
47,160.4281046,10.12786837
47.05,188.4281046,10.17597735
47.1,192.4281046,10.18346
47.15,173.4281046,10.14927242
47.2,173.4281046,10.14927242
47.25,182.4281046,10.16503819
47.3,175.4281046,10.1527091
47.35,191.4281046,10.18157512
47.4,178.4281046,10.15793576
47.45,178.4281046,10.15793576
47.5,145.4281046,10.10519339
47.55,180.4281046,10.16146791
47.6,161.4281046,10.12945721
47.65,159.4281046,10.12628916
47.7,164.4281046,10.13428143
47.75,151.4281046,10.11400253
47.8,153.4281046,10.11701628
47.85,179.4281046,10.15969707
47.9,136.4281046,10.09263408
47.95,201.4281046,10.20084938
48,140.4281046,10.0981189
48.05,173.4281046,10.14927242
48.1,128.4281046,10.08213161
48.15,180.4281046,10.16146791
48.2,157.4281046,10.12315963
48.25,177.4281046,10.15618399
48.3,142.4281046,10.10091959
48.35,147.4281046,10.10809105
48.4,174.4281046,10.15098598
48.45,173.4281046,10.14927242
48.5,131.4281046,10.08599696
48.55,180.4281046,10.16146791
48.6,140.4281046,10.0981189
48.65,140.4281046,10.0981189
48.7,188.4281046,10.17597735
48.75,148.4281046,10.1095544
48.8,151.4281046,10.11400253
48.85,181.4281046,10.16324829
48.9,160.4281046,10.12786837
48.95,197.4281046,10.19302632
49,172.4281046,10.14756843
49.05,166.4281046,10.13754563
49.1,158.4281046,10.12471957
49.15,152.4281046,10.11550457
49.2,169.4281046,10.1425139
49.25,159.4281046,10.12628916
49.3,146.4281046,10.10663737
49.35,161.4281046,10.12945721
49.4,146.4281046,10.10663737
49.45,170.4281046,10.14418917
49.5,187.4281046,10.1741304
49.55,170.4281046,10.14418917
49.6,163.4281046,10.13266374
49.65,155.4281046,10.12006865
49.7,172.4281046,10.14756843
49.75,128.4281046,10.08213161
49.8,162.4281046,10.13105567
49.85,198.4281046,10.19496794
49.9,159.4281046,10.12628916
49.95,145.4281046,10.10519339
50,151.4281046,10.11400253
50.05,146.4281046,10.10663737
50.1,161.4281046,10.12945721
50.15,148.4281046,10.1095544
50.2,148.4281046,10.1095544
50.25,134.4281046,10.08995003
50.3,153.4281046,10.11701628
50.35,132.4281046,10.08730491
50.4,128.4281046,10.08213161
50.45,177.4281046,10.15618399
50.5,152.4281046,10.11550457
50.55,142.4281046,10.10091959
50.6,152.4281046,10.11550457
50.65,142.4281046,10.10091959
50.7,162.4281046,10.13105567
50.75,139.4281046,10.09673312
50.8,136.4281046,10.09263408
50.85,156.4281046,10.12160932
50.9,145.4281046,10.10519339
50.95,146.4281046,10.10663737
51,137.4281046,10.09399071
51.05,164.4281046,10.13428143
51.1,150.4281046,10.11251015
51.15,145.4281046,10.10519339
51.2,153.4281046,10.11701628
51.25,158.4281046,10.12471957
51.3,136.4281046,10.09263408
51.35,170.4281046,10.14418917
51.4,129.4281046,10.08341031
51.45,142.4281046,10.10091959
51.5,176.4281046,10.15444177
51.55,130.4281046,10.08469876
51.6,152.4281046,10.11550457
51.65,144.4281046,10.10375909
51.7,135.4281046,10.09128719
51.75,143.4281046,10.10233449
51.8,162.4281046,10.13105567
51.85,147.4281046,10.10809105
51.9,126.4281046,10.07960349
51.95,153.4281046,10.11701628
52,143.4281046,10.10233449
52.05,156.4281046,10.12160932
52.1,141.4281046,10.09951439
52.15,123.4281046,10.07588456
52.2,132.4281046,10.08730491
52.25,142.4281046,10.10091959
52.3,160.4281046,10.12786837
52.35,115.4281046,10.0663978
52.4,119.4281046,10.07106286
52.45,156.4281046,10.12160932
52.5,124.4281046,10.07711443
52.55,142.4281046,10.10091959
52.6,145.4281046,10.10519339
52.65,156.4281046,10.12160932
52.7,132.4281046,10.08730491
52.75,125.4281046,10.07835408
52.8,134.4281046,10.08995003
52.85,140.4281046,10.0981189
52.9,143.4281046,10.10233449
52.95,107.4281046,10.05753845
53,134.4281046,10.08995003
53.05,125.4281046,10.07835408
53.1,130.4281046,10.08469876
53.15,121.4281046,10.07345415
53.2,133.4281046,10.0886226
53.25,127.4281046,10.08086267
53.3,105.4281046,10.05542185
53.35,128.4281046,10.08213161
53.4,145.4281046,10.10519339
53.45,121.4281046,10.07345415
53.5,143.4281046,10.10233449
53.55,126.4281046,10.07960349
53.6,142.4281046,10.10091959
53.65,138.4281046,10.09535705
53.7,134.4281046,10.08995003
53.75,140.4281046,10.0981189
53.8,121.4281046,10.07345415
53.85,144.4281046,10.10375909
53.9,121.4281046,10.07345415
53.95,129.4281046,10.08341031
54,147.4281046,10.10809105
54.05,133.4281046,10.0886226
54.1,152.4281046,10.11550457
54.15,147.4281046,10.10809105
54.2,116.4281046,10.06754937
54.25,128.4281046,10.08213161
54.3,157.4281046,10.12315963
54.35,125.4281046,10.07835408
54.4,139.4281046,10.09673312
54.45,133.4281046,10.0886226
54.5,130.4281046,10.08469876
54.55,122.4281046,10.07466446
54.6,142.4281046,10.10091959
54.65,139.4281046,10.09673312
54.7,139.4281046,10.09673312
54.75,140.4281046,10.0981189
54.8,155.4281046,10.12006865
54.85,103.4281046,10.05334458
54.9,129.4281046,10.08341031
54.95,137.4281046,10.09399071
55,147.4281046,10.10809105
55.05,128.4281046,10.08213161
55.1,126.4281046,10.07960349
55.15,127.4281046,10.08086267
55.2,147.4281046,10.10809105
55.25,115.4281046,10.0663978
55.3,141.4281046,10.09951439
55.35,137.4281046,10.09399071
55.4,132.4281046,10.08730491
55.45,126.4281046,10.07960349
55.5,108.4281046,10.0586115
55.55,110.4281046,10.06078708
55.6,147.4281046,10.10809105
55.65,134.4281046,10.08995003
55.7,133.4281046,10.0886226
55.75,135.4281046,10.09128719
55.8,102.4281046,10.05232071
55.85,138.4281046,10.09535705
55.9,118.4281046,10.06988191
55.95,121.4281046,10.07345415
56,131.4281046,10.08599696
56.05,137.4281046,10.09399071
56.1,115.4281046,10.0663978
56.15,130.4281046,10.08469876
56.2,126.4281046,10.07960349
56.25,117.4281046,10.06871074
56.3,132.4281046,10.08730491
56.35,98.42810458,10.0483237
56.4,113.4281046,10.06412408
56.45,136.4281046,10.09263408
56.5,101.4281046,10.05130668
56.55,145.4281046,10.10519339
56.6,134.4281046,10.08995003
56.65,141.4281046,10.09951439
56.7,119.4281046,10.07106286
56.75,123.4281046,10.07588456
56.8,123.4281046,10.07588456
56.85,94.42810458,10.04448439
56.9,106.4281046,10.05647523
56.95,146.4281046,10.10663737
57,126.4281046,10.07960349
57.05,123.4281046,10.07588456
57.1,129.4281046,10.08341031
57.15,113.4281046,10.06412408
57.2,117.4281046,10.06871074
57.25,139.4281046,10.09673312
57.3,113.4281046,10.06412408
57.35,106.4281046,10.05647523
57.4,129.4281046,10.08341031
57.45,97.42810458,10.04734908
57.5,136.4281046,10.09263408
57.55,114.4281046,10.06525604
57.6,121.4281046,10.07345415
57.65,137.4281046,10.09399071
57.7,121.4281046,10.07345415
57.75,90.42810458,10.04080297
57.8,125.4281046,10.07835408
57.85,115.4281046,10.0663978
57.9,127.4281046,10.08086267
57.95,130.4281046,10.08469876
58,99.42810458,10.04930818
58.05,117.4281046,10.06871074
58.1,129.4281046,10.08341031
58.15,119.4281046,10.07106286
58.2,129.4281046,10.08341031
58.25,106.4281046,10.05647523
58.3,120.4281046,10.07225361
58.35,135.4281046,10.09128719
58.4,133.4281046,10.0886226
58.45,123.4281046,10.07588456
58.5,90.42810458,10.04080297
58.55,111.4281046,10.0618896
58.6,103.4281046,10.05334458
58.65,122.4281046,10.07466446
58.7,89.42810458,10.0399073
58.75,130.4281046,10.08469876
58.8,99.42810458,10.04930818
58.85,99.42810458,10.04930818
58.9,111.4281046,10.0618896
58.95,110.4281046,10.06078708
59,101.4281046,10.05130668
59.05,95.42810458,10.04542942
59.1,114.4281046,10.06525604
59.15,121.4281046,10.07345415
59.2,97.42810458,10.04734908
59.25,113.4281046,10.06412408
59.3,105.4281046,10.05542185
59.35,83.42810458,10.0347409
59.4,121.4281046,10.07345415
59.45,133.4281046,10.0886226
59.5,99.42810458,10.04930818
59.55,117.4281046,10.06871074
59.6,99.42810458,10.04930818
59.65,92.42810458,10.04262393
59.7,102.4281046,10.05232071
59.75,109.4281046,10.05969438
59.8,103.4281046,10.05334458
59.85,118.4281046,10.06988191
59.9,118.4281046,10.06988191
59.95,99.42810458,10.04930818
60,114.4281046,10.06525604
60.05,106.4281046,10.05647523
60.1,117.4281046,10.06871074
60.15,110.4281046,10.06078708
60.2,102.4281046,10.05232071
60.25,102.4281046,10.05232071
60.3,113.4281046,10.06412408
60.35,101.4281046,10.05130668
60.4,100.4281046,10.0503025
60.45,121.4281046,10.07345415
60.5,107.4281046,10.05753845
60.55,109.4281046,10.05969438
60.6,118.4281046,10.06988191
60.65,104.4281046,10.0543783
60.7,95.42810458,10.04542942
60.75,120.4281046,10.07225361
60.8,98.42810458,10.0483237
60.85,96.42810458,10.04638432
60.9,117.4281046,10.06871074
60.95,109.4281046,10.05969438
61,107.4281046,10.05753845
61.05,126.4281046,10.07960349
61.1,99.42810458,10.04930818
61.15,101.4281046,10.05130668
61.2,114.4281046,10.06525604
61.25,117.4281046,10.06871074
61.3,119.4281046,10.07106286
61.35,108.4281046,10.0586115
61.4,99.42810458,10.04930818
61.45,123.4281046,10.07588456
61.5,121.4281046,10.07345415
61.55,104.4281046,10.0543783
61.6,106.4281046,10.05647523
61.65,96.42810458,10.04638432
61.7,111.4281046,10.0618896
61.75,115.4281046,10.0663978
61.8,96.42810458,10.04638432
61.85,95.42810458,10.04542942
61.9,92.42810458,10.04262393
61.95,105.4281046,10.05542185
62,119.4281046,10.07106286
62.05,85.42810458,10.03642347
62.1,108.4281046,10.0586115
62.15,133.4281046,10.0886226
62.2,86.42810458,10.0372796
62.25,105.4281046,10.05542185
62.3,80.42810458,10.03229126
62.35,95.42810458,10.04542942
62.4,84.42810458,10.03557724
62.45,119.4281046,10.07106286
62.5,103.4281046,10.05334458
62.55,98.42810458,10.0483237
62.6,90.42810458,10.04080297
62.65,121.4281046,10.07345415
62.7,109.4281046,10.05969438
62.75,84.42810458,10.03557724
62.8,99.42810458,10.04930818
62.85,110.4281046,10.06078708
62.9,72.42810458,10.02619484
62.95,124.4281046,10.07711443
63,96.42810458,10.04638432
63.05,91.42810458,10.04170851
63.1,96.42810458,10.04638432
63.15,96.42810458,10.04638432
63.2,122.4281046,10.07466446
63.25,90.42810458,10.04080297
63.3,116.4281046,10.06754937
63.35,93.42810458,10.04354923
63.4,84.42810458,10.03557724
63.45,101.4281046,10.05130668
63.5,124.4281046,10.07711443
63.55,82.42810458,10.03391445
63.6,109.4281046,10.05969438
63.65,93.42810458,10.04354923
63.7,84.42810458,10.03557724
63.75,89.42810458,10.0399073
63.8,100.4281046,10.0503025
63.85,105.4281046,10.05542185
63.9,89.42810458,10.0399073
63.95,91.42810458,10.04170851
64,95.42810458,10.04542942
64.05,113.4281046,10.06412408
64.1,114.4281046,10.06525604
64.15,101.4281046,10.05130668
64.2,86.42810458,10.0372796
64.25,106.4281046,10.05647523
64.3,100.4281046,10.0503025
64.35,100.4281046,10.0503025
64.4,87.42810458,10.03814561
64.45,120.4281046,10.07225361
64.5,125.4281046,10.07835408
64.55,113.4281046,10.06412408
64.6,90.42810458,10.04080297
64.65,97.42810458,10.04734908
64.7,84.42810458,10.03557724
64.75,72.42810458,10.02619484
64.8,119.4281046,10.07106286
64.85,99.42810458,10.04930818
64.9,110.4281046,10.06078708
64.95,66.42810458,10.02203918
65,64.42810458,10.02073341
65.05,89.42810458,10.0399073
65.1,94.42810458,10.04448439
65.15,86.42810458,10.0372796
65.2,86.42810458,10.0372796
65.25,112.4281046,10.06300193
65.3,112.4281046,10.06300193
65.35,105.4281046,10.05542185
65.4,98.42810458,10.0483237
65.45,106.4281046,10.05647523
65.5,92.42810458,10.04262393
65.55,86.42810458,10.0372796
65.6,99.42810458,10.04930818
65.65,79.42810458,10.03149452
65.7,85.42810458,10.03642347
65.75,86.42810458,10.0372796
65.8,106.4281046,10.05647523
65.85,97.42810458,10.04734908
65.9,90.42810458,10.04080297
65.95,96.42810458,10.04638432
66,90.42810458,10.04080297
66.05,78.42810458,10.03070769
66.1,110.4281046,10.06078708
66.15,92.42810458,10.04262393
66.2,100.4281046,10.0503025
66.25,78.42810458,10.03070769
66.3,93.42810458,10.04354923
66.35,77.42810458,10.02993076
66.4,92.42810458,10.04262393
66.45,99.42810458,10.04930818
66.5,78.42810458,10.03070769
66.55,95.42810458,10.04542942
66.6,97.42810458,10.04734908
66.65,78.42810458,10.03070769
66.7,69.42810458,10.02407233
66.75,90.42810458,10.04080297
66.8,95.42810458,10.04542942
66.85,79.42810458,10.03149452
66.9,109.4281046,10.05969438
66.95,92.42810458,10.04262393
67,88.42810458,10.03902151
67.05,94.42810458,10.04448439
67.1,102.4281046,10.05232071
67.15,96.42810458,10.04638432
67.2,83.42810458,10.0347409
67.25,68.42810458,10.02338469
67.3,90.42810458,10.04080297
67.35,95.42810458,10.04542942
67.4,96.42810458,10.04638432
67.45,68.42810458,10.02338469
67.5,93.42810458,10.04354923
67.55,90.42810458,10.04080297
67.6,97.42810458,10.04734908
67.65,79.42810458,10.03149452
67.7,75.42810458,10.02840665
67.75,99.42810458,10.04930818
67.8,111.4281046,10.0618896
67.85,96.42810458,10.04638432
67.9,74.42810458,10.02765946
67.95,113.4281046,10.06412408
68,82.42810458,10.03391445
68.05,71.42810458,10.02547742
68.1,95.42810458,10.04542942
68.15,104.4281046,10.0543783
68.2,82.42810458,10.03391445
68.25,84.42810458,10.03557724
68.3,73.42810458,10.02692219
68.35,93.42810458,10.04354923
68.4,92.42810458,10.04262393
68.45,82.42810458,10.03391445
68.5,86.42810458,10.0372796
68.55,94.42810458,10.04448439
68.6,102.4281046,10.05232071
68.65,106.4281046,10.05647523
68.7,81.42810458,10.03309791
68.75,67.42810458,10.02270697
68.8,87.42810458,10.03814561
68.85,75.42810458,10.02840665
68.9,78.42810458,10.03070769
68.95,94.42810458,10.04448439
69,110.4281046,10.06078708
69.05,91.42810458,10.04170851
69.1,85.42810458,10.03642347
69.15,85.42810458,10.03642347
69.2,81.42810458,10.03309791
69.25,93.42810458,10.04354923
69.3,105.4281046,10.05542185
69.35,89.42810458,10.0399073
69.4,89.42810458,10.0399073
69.45,78.42810458,10.03070769
69.5,96.42810458,10.04638432
69.55,92.42810458,10.04262393
69.6,93.42810458,10.04354923
69.65,78.42810458,10.03070769
69.7,82.42810458,10.03391445
69.75,90.42810458,10.04080297
69.8,89.42810458,10.0399073
69.85,119.4281046,10.07106286
69.9,85.42810458,10.03642347
69.95,90.42810458,10.04080297
70,89.42810458,10.0399073
70.05,99.42810458,10.04930818
70.1,80.42810458,10.03229126
70.15,69.42810458,10.02407233
70.2,88.42810458,10.03902151
70.25,79.42810458,10.03149452
70.3,78.42810458,10.03070769
70.35,73.42810458,10.02692219
70.4,90.42810458,10.04080297
70.45,88.42810458,10.03902151
70.5,99.42810458,10.04930818
70.55,60.42810458,10.01824114
70.6,103.4281046,10.05334458
70.65,77.42810458,10.02993076
70.7,72.42810458,10.02619484
70.75,85.42810458,10.03642347
70.8,88.42810458,10.03902151
70.85,92.42810458,10.04262393
70.9,84.42810458,10.03557724
70.95,94.42810458,10.04448439
71,74.42810458,10.02765946
71.05,66.42810458,10.02203918
71.1,79.42810458,10.03149452
71.15,78.42810458,10.03070769
71.2,103.4281046,10.05334458
71.25,91.42810458,10.04170851
71.3,107.4281046,10.05753845
71.35,95.42810458,10.04542942
71.4,97.42810458,10.04734908
71.45,73.42810458,10.02692219
71.5,66.42810458,10.02203918
71.55,57.42810458,10.01647636
71.6,85.42810458,10.03642347
71.65,81.42810458,10.03309791
71.7,94.42810458,10.04448439
71.75,95.42810458,10.04542942
71.8,77.42810458,10.02993076
71.85,89.42810458,10.0399073
71.9,79.42810458,10.03149452
71.95,88.42810458,10.03902151
72,79.42810458,10.03149452
72.05,84.42810458,10.03557724
72.1,92.42810458,10.04262393
72.15,78.42810458,10.03070769
72.2,79.42810458,10.03149452
72.25,73.42810458,10.02692219
72.3,80.42810458,10.03229126
72.35,89.42810458,10.0399073
72.4,80.42810458,10.03229126
72.45,85.42810458,10.03642347
72.5,67.42810458,10.02270697
72.55,76.42810458,10.02916375
72.6,78.42810458,10.03070769
72.65,84.42810458,10.03557724
72.7,96.42810458,10.04638432
72.75,74.42810458,10.02765946
72.8,95.42810458,10.04542942
72.85,63.42810458,10.02009543
72.9,76.42810458,10.02916375
72.95,72.42810458,10.02619484
73,79.42810458,10.03149452
73.05,84.42810458,10.03557724
73.1,80.42810458,10.03229126
73.15,100.4281046,10.0503025
73.2,100.4281046,10.0503025
73.25,69.42810458,10.02407233
73.3,80.42810458,10.03229126
73.35,82.42810458,10.03391445
73.4,103.4281046,10.05334458
73.45,105.4281046,10.05542185
73.5,83.42810458,10.0347409
73.55,78.42810458,10.03070769
73.6,83.42810458,10.0347409
73.65,77.42810458,10.02993076
73.7,91.42810458,10.04170851
73.75,99.42810458,10.04930818
73.8,70.42810458,10.02476991
73.85,71.42810458,10.02547742
73.9,81.42810458,10.03309791
73.95,95.42810458,10.04542942
74,92.42810458,10.04262393
74.05,82.42810458,10.03391445
74.1,97.42810458,10.04734908
74.15,76.42810458,10.02916375
74.2,77.42810458,10.02993076
74.25,82.42810458,10.03391445
74.3,69.42810458,10.02407233
74.35,96.42810458,10.04638432
74.4,75.42810458,10.02840665
74.45,75.42810458,10.02840665
74.5,60.42810458,10.01824114
74.55,81.42810458,10.03309791
74.6,81.42810458,10.03309791
74.65,57.42810458,10.01647636
74.7,99.42810458,10.04930818
74.75,75.42810458,10.02840665
74.8,90.42810458,10.04080297
74.85,62.42810458,10.01946739
74.9,72.42810458,10.02619484
74.95,78.42810458,10.03070769
75,76.42810458,10.02916375
75.05,91.42810458,10.04170851
75.1,62.42810458,10.01946739
75.15,81.42810458,10.03309791
75.2,84.42810458,10.03557724
75.25,75.42810458,10.02840665
75.3,69.42810458,10.02407233
75.35,73.42810458,10.02692219
75.4,58.42810458,10.01705467
75.45,77.42810458,10.02993076
75.5,64.42810458,10.02073341
75.55,77.42810458,10.02993076
75.6,99.42810458,10.04930818
75.65,93.42810458,10.04354923
75.7,90.42810458,10.04080297
75.75,79.42810458,10.03149452
75.8,51.42810458,10.01321552
75.85,54.42810458,10.01480114
75.9,89.42810458,10.0399073
75.95,87.42810458,10.03814561
76,95.42810458,10.04542942
76.05,89.42810458,10.0399073
76.1,69.42810458,10.02407233
76.15,81.42810458,10.03309791
76.2,68.42810458,10.02338469
76.25,86.42810458,10.0372796
76.3,77.42810458,10.02993076
76.35,80.42810458,10.03229126
76.4,79.42810458,10.03149452
76.45,84.42810458,10.03557724
76.5,94.42810458,10.04448439
76.55,81.42810458,10.03309791
76.6,86.42810458,10.0372796
76.65,74.42810458,10.02765946
76.7,77.42810458,10.02993076
76.75,58.42810458,10.01705467
76.8,88.42810458,10.03902151
76.85,64.42810458,10.02073341
76.9,76.42810458,10.02916375
76.95,70.42810458,10.02476991
77,60.42810458,10.01824114
77.05,75.42810458,10.02840665
77.1,60.42810458,10.01824114
77.15,82.42810458,10.03391445
77.2,82.42810458,10.03391445
77.25,61.42810458,10.0188493
77.3,71.42810458,10.02547742
77.35,63.42810458,10.02009543
77.4,77.42810458,10.02993076
77.45,94.42810458,10.04448439
77.5,87.42810458,10.03814561
77.55,72.42810458,10.02619484
77.6,53.42810458,10.01426264
77.65,71.42810458,10.02547742
77.7,62.42810458,10.01946739
77.75,80.42810458,10.03229126
77.8,73.42810458,10.02692219
77.85,50.42810458,10.0127069
77.9,94.42810458,10.04448439
77.95,88.42810458,10.03902151
78,74.42810458,10.02765946
78.05,79.42810458,10.03149452
78.1,64.42810458,10.02073341
78.15,73.42810458,10.02692219
78.2,78.42810458,10.03070769
78.25,61.42810458,10.0188493
78.3,75.42810458,10.02840665
78.35,79.42810458,10.03149452
78.4,79.42810458,10.03149452
78.45,60.42810458,10.01824114
78.5,67.42810458,10.02270697
78.55,68.42810458,10.02338469
78.6,88.42810458,10.03902151
78.65,73.42810458,10.02692219
78.7,52.42810458,10.0137341
78.75,96.42810458,10.04638432
78.8,95.42810458,10.04542942
78.85,76.42810458,10.02916375
78.9,88.42810458,10.03902151
78.95,65.42810458,10.02138133
79,59.42810458,10.01764293
79.05,73.42810458,10.02692219
79.1,49.42810458,10.01220824
79.15,92.42810458,10.04262393
79.2,62.42810458,10.01946739
79.25,81.42810458,10.03309791
79.3,78.42810458,10.03070769
79.35,72.42810458,10.02619484
79.4,67.42810458,10.02270697
79.45,75.42810458,10.02840665
79.5,77.42810458,10.02993076
79.55,65.42810458,10.02138133
79.6,47.42810458,10.01124081
79.65,74.42810458,10.02765946
79.7,88.42810458,10.03902151
79.75,70.42810458,10.02476991
79.8,76.42810458,10.02916375
79.85,75.42810458,10.02840665
79.9,62.42810458,10.01946739
79.95,70.42810458,10.02476991
80,64.42810458,10.02073341
80.05,63.42810458,10.02009543
80.1,71.42810458,10.02547742
80.15,74.42810458,10.02765946
80.2,80.42810458,10.03229126
80.25,76.42810458,10.02916375
80.3,78.42810458,10.03070769
80.35,47.42810458,10.01124081
80.4,57.42810458,10.01647636
80.45,67.42810458,10.02270697
80.5,70.42810458,10.02476991
80.55,73.42810458,10.02692219
80.6,80.42810458,10.03229126
80.65,53.42810458,10.01426264
80.7,70.42810458,10.02476991
80.75,64.42810458,10.02073341
80.8,63.42810458,10.02009543
80.85,74.42810458,10.02765946
80.9,81.42810458,10.03309791
80.95,84.42810458,10.03557724
81,58.42810458,10.01705467
81.05,82.42810458,10.03391445
81.1,69.42810458,10.02407233
81.15,75.42810458,10.02840665
81.2,61.42810458,10.0188493
81.25,69.42810458,10.02407233
81.3,70.42810458,10.02476991
81.35,63.42810458,10.02009543
81.4,61.42810458,10.0188493
81.45,79.42810458,10.03149452
81.5,87.42810458,10.03814561
81.55,74.42810458,10.02765946
81.6,71.42810458,10.02547742
81.65,86.42810458,10.0372796
81.7,77.42810458,10.02993076
81.75,67.42810458,10.02270697
81.8,70.42810458,10.02476991
81.85,67.42810458,10.02270697
81.9,57.42810458,10.01647636
81.95,54.42810458,10.01480114
82,77.42810458,10.02993076
82.05,68.42810458,10.02338469
82.1,70.42810458,10.02476991
82.15,71.42810458,10.02547742
82.2,53.42810458,10.01426264
82.25,82.42810458,10.03391445
82.3,78.42810458,10.03070769
82.35,62.42810458,10.01946739
82.4,45.42810458,10.01031325
82.45,77.42810458,10.02993076
82.5,54.42810458,10.01480114
82.55,71.42810458,10.02547742
82.6,64.42810458,10.02073341
82.65,54.42810458,10.01480114
82.7,58.42810458,10.01705467
82.75,59.42810458,10.01764293
82.8,57.42810458,10.01647636
82.85,73.42810458,10.02692219
82.9,78.42810458,10.03070769
82.95,75.42810458,10.02840665
83,57.42810458,10.01647636
83.05,60.42810458,10.01824114
83.1,63.42810458,10.02009543
83.15,68.42810458,10.02338469
83.2,81.42810458,10.03309791
83.25,54.42810458,10.01480114
83.3,76.42810458,10.02916375
83.35,76.42810458,10.02916375
83.4,70.42810458,10.02476991
83.45,60.42810458,10.01824114
83.5,73.42810458,10.02692219
83.55,65.42810458,10.02138133
83.6,50.42810458,10.0127069
83.65,73.42810458,10.02692219
83.7,55.42810458,10.01534959
83.75,66.42810458,10.02203918
83.8,64.42810458,10.02073341
83.85,79.42810458,10.03149452
83.9,60.42810458,10.01824114
83.95,65.42810458,10.02138133
84,63.42810458,10.02009543
84.05,73.42810458,10.02692219
84.1,41.42810458,10.00857776
84.15,68.42810458,10.02338469
84.2,70.42810458,10.02476991
84.25,60.42810458,10.01824114
84.3,73.42810458,10.02692219
84.35,72.42810458,10.02619484
84.4,71.42810458,10.02547742
84.45,76.42810458,10.02916375
84.5,61.42810458,10.0188493
84.55,66.42810458,10.02203918
84.6,84.42810458,10.03557724
84.65,79.42810458,10.03149452
84.7,77.42810458,10.02993076
84.75,58.42810458,10.01705467
84.8,78.42810458,10.03070769
84.85,55.42810458,10.01534959
84.9,73.42810458,10.02692219
84.95,56.42810458,10.015908
85,69.42810458,10.02407233
85.05,66.42810458,10.02203918
85.1,56.42810458,10.015908
85.15,87.42810458,10.03814561
85.2,75.42810458,10.02840665
85.25,68.42810458,10.02338469
85.3,53.42810458,10.01426264
85.35,68.42810458,10.02338469
85.4,49.42810458,10.01220824
85.45,74.42810458,10.02765946
85.5,70.42810458,10.02476991
85.55,54.42810458,10.01480114
85.6,59.42810458,10.01764293
85.65,48.42810458,10.01171954
85.7,65.42810458,10.02138133
85.75,75.42810458,10.02840665
85.8,50.42810458,10.0127069
85.85,71.42810458,10.02547742
85.9,63.42810458,10.02009543
85.95,71.42810458,10.02547742
86,54.42810458,10.01480114
86.05,76.42810458,10.02916375
86.1,56.42810458,10.015908
86.15,51.42810458,10.01321552
86.2,57.42810458,10.01647636
86.25,67.42810458,10.02270697
86.3,61.42810458,10.0188493
86.35,64.42810458,10.02073341
86.4,61.42810458,10.0188493
86.45,63.42810458,10.02009543
86.5,49.42810458,10.01220824
86.55,79.42810458,10.03149452
86.6,47.42810458,10.01124081
86.65,71.42810458,10.02547742
86.7,86.42810458,10.0372796
86.75,70.42810458,10.02476991
86.8,61.42810458,10.0188493
86.85,51.42810458,10.01321552
86.9,72.42810458,10.02619484
86.95,60.42810458,10.01824114
87,31.42810458,10.00493741
87.05,71.42810458,10.02547742
87.1,28.42810458,10.00403997
87.15,53.42810458,10.01426264
87.2,59.42810458,10.01764293
87.25,46.42810458,10.01077204
87.3,61.42810458,10.0188493
87.35,74.42810458,10.02765946
87.4,69.42810458,10.02407233
87.45,78.42810458,10.03070769
87.5,58.42810458,10.01705467
87.55,54.42810458,10.01480114
87.6,64.42810458,10.02073341
87.65,62.42810458,10.01946739
87.7,37.42810458,10.00700186
87.75,69.42810458,10.02407233
87.8,65.42810458,10.02138133
87.85,73.42810458,10.02692219
87.9,68.42810458,10.02338469
87.95,46.42810458,10.01077204
88,42.42810458,10.00899667
88.05,57.42810458,10.01647636
88.1,45.42810458,10.01031325
88.15,53.42810458,10.01426264
88.2,62.42810458,10.01946739
88.25,59.42810458,10.01764293
88.3,41.42810458,10.00857776
88.35,70.42810458,10.02476991
88.4,69.42810458,10.02407233
88.45,65.42810458,10.02138133
88.5,71.42810458,10.02547742
88.55,68.42810458,10.02338469
88.6,53.42810458,10.01426264
88.65,55.42810458,10.01534959
88.7,47.42810458,10.01124081
88.75,56.42810458,10.015908
88.8,54.42810458,10.01480114
88.85,60.42810458,10.01824114
88.9,63.42810458,10.02009543
88.95,60.42810458,10.01824114
89,62.42810458,10.01946739
89.05,68.42810458,10.02338469
89.1,51.42810458,10.01321552
89.15,67.42810458,10.02270697
89.2,65.42810458,10.02138133
89.25,47.42810458,10.01124081
89.3,59.42810458,10.01764293
89.35,42.42810458,10.00899667
89.4,62.42810458,10.01946739
89.45,57.42810458,10.01647636
89.5,36.42810458,10.00663283
89.55,49.42810458,10.01220824
89.6,55.42810458,10.01534959
89.65,63.42810458,10.02009543
89.7,46.42810458,10.01077204
89.75,55.42810458,10.01534959
89.8,45.42810458,10.01031325
89.85,58.42810458,10.01705467
89.9,65.42810458,10.02138133
89.95,61.42810458,10.0188493
90,102.4281046,10.05232071
90.05,59.42810458,10.01764293
90.1,55.42810458,10.01534959
90.15,59.42810458,10.01764293
90.2,54.42810458,10.01480114
90.25,54.42810458,10.01480114
90.3,74.42810458,10.02765946
90.35,49.42810458,10.01220824
90.4,66.42810458,10.02203918
90.45,66.42810458,10.02203918
90.5,49.42810458,10.01220824
90.55,61.42810458,10.0188493
90.6,44.42810458,10.00986442
90.65,58.42810458,10.01705467
90.7,48.42810458,10.01171954
90.75,75.42810458,10.02840665
90.8,50.42810458,10.0127069
90.85,55.42810458,10.01534959
90.9,50.42810458,10.0127069
90.95,51.42810458,10.01321552
91,55.42810458,10.01534959
91.05,47.42810458,10.01124081
91.1,53.42810458,10.01426264
91.15,56.42810458,10.015908
91.2,42.42810458,10.00899667
91.25,72.42810458,10.02619484
91.3,42.42810458,10.00899667
91.35,45.42810458,10.01031325
91.4,77.42810458,10.02993076
91.45,61.42810458,10.0188493
91.5,69.42810458,10.02407233
91.55,58.42810458,10.01705467
91.6,57.42810458,10.01647636
91.65,63.42810458,10.02009543
91.7,67.42810458,10.02270697
91.75,32.42810458,10.00525653
91.8,53.42810458,10.01426264
91.85,48.42810458,10.01171954
91.9,55.42810458,10.01534959
91.95,47.42810458,10.01124081
92,80.42810458,10.03229126
92.05,50.42810458,10.0127069
92.1,60.42810458,10.01824114
92.15,45.42810458,10.01031325
92.2,54.42810458,10.01480114
92.25,64.42810458,10.02073341
92.3,44.42810458,10.00986442
92.35,41.42810458,10.00857776
92.4,55.42810458,10.01534959
92.45,59.42810458,10.01764293
92.5,52.42810458,10.0137341
92.55,60.42810458,10.01824114
92.6,70.42810458,10.02476991
92.65,48.42810458,10.01171954
92.7,47.42810458,10.01124081
92.75,65.42810458,10.02138133
92.8,48.42810458,10.01171954
92.85,63.42810458,10.02009543
92.9,62.42810458,10.01946739
92.95,57.42810458,10.01647636
93,47.42810458,10.01124081
93.05,49.42810458,10.01220824
93.1,62.42810458,10.01946739
93.15,50.42810458,10.0127069
93.2,41.42810458,10.00857776
93.25,47.42810458,10.01124081
93.3,67.42810458,10.02270697
93.35,61.42810458,10.0188493
93.4,57.42810458,10.01647636
93.45,48.42810458,10.01171954
93.5,59.42810458,10.01764293
93.55,41.42810458,10.00857776
93.6,57.42810458,10.01647636
93.65,67.42810458,10.02270697
93.7,76.42810458,10.02916375
93.75,61.42810458,10.0188493
93.8,52.42810458,10.0137341
93.85,50.42810458,10.0127069
93.9,49.42810458,10.01220824
93.95,58.42810458,10.01705467
94,44.42810458,10.00986442
94.05,50.42810458,10.0127069
94.1,34.42810458,10.00592472
94.15,48.42810458,10.01171954
94.2,48.42810458,10.01171954
94.25,53.42810458,10.01426264
94.3,63.42810458,10.02009543
94.35,52.42810458,10.0137341
94.4,71.42810458,10.02547742
94.45,61.42810458,10.0188493
94.5,60.42810458,10.01824114
94.55,56.42810458,10.015908
94.6,66.42810458,10.02203918
94.65,52.42810458,10.0137341
94.7,43.42810458,10.00942556
94.75,48.42810458,10.01171954
94.8,33.42810458,10.00558563
94.85,37.42810458,10.00700186
94.9,41.42810458,10.00857776
94.95,57.42810458,10.01647636
95,65.42810458,10.02138133
95.05,39.42810458,10.00776986
95.1,58.42810458,10.01705467
95.15,56.42810458,10.015908
95.2,44.42810458,10.00986442
95.25,43.42810458,10.00942556
95.3,49.42810458,10.01220824
95.35,50.42810458,10.0127069
95.4,49.42810458,10.01220824
95.45,37.42810458,10.00700186
95.5,41.42810458,10.00857776
95.55,26.42810458,10.00349161
95.6,48.42810458,10.01171954
95.65,46.42810458,10.01077204
95.7,56.42810458,10.015908
95.75,57.42810458,10.01647636
95.8,58.42810458,10.01705467
95.85,52.42810458,10.0137341
95.9,66.42810458,10.02203918
95.95,44.42810458,10.00986442
96,37.42810458,10.00700186
96.05,69.42810458,10.02407233
96.1,67.42810458,10.02270697
96.15,50.42810458,10.0127069
96.2,45.42810458,10.01031325
96.25,59.42810458,10.01764293
96.3,40.42810458,10.00816882
96.35,53.42810458,10.01426264
96.4,47.42810458,10.01124081
96.45,30.42810458,10.00462828
96.5,60.42810458,10.01824114
96.55,56.42810458,10.015908
96.6,54.42810458,10.01480114
96.65,33.42810458,10.00558563
96.7,41.42810458,10.00857776
96.75,53.42810458,10.01426264
96.8,32.42810458,10.00525653
96.85,62.42810458,10.01946739
96.9,37.42810458,10.00700186
96.95,44.42810458,10.00986442
97,45.42810458,10.01031325
97.05,56.42810458,10.015908
97.1,50.42810458,10.0127069
97.15,54.42810458,10.01480114
97.2,56.42810458,10.015908
97.25,57.42810458,10.01647636
97.3,34.42810458,10.00592472
97.35,54.42810458,10.01480114
97.4,60.42810458,10.01824114
97.45,32.42810458,10.00525653
97.5,50.42810458,10.0127069
97.55,52.42810458,10.0137341
97.6,54.42810458,10.01480114
97.65,70.42810458,10.02476991
97.7,28.42810458,10.00403997
97.75,48.42810458,10.01171954
97.8,49.42810458,10.01220824
97.85,47.42810458,10.01124081
97.9,33.42810458,10.00558563
97.95,81.42810458,10.03309791
98,55.42810458,10.01534959
98.05,42.42810458,10.00899667
98.1,53.42810458,10.01426264
98.15,55.42810458,10.01534959
98.2,50.42810458,10.0127069
98.25,45.42810458,10.01031325
98.3,68.42810458,10.02338469
98.35,47.42810458,10.01124081
98.4,43.42810458,10.00942556
98.45,61.42810458,10.0188493
98.5,47.42810458,10.01124081
98.55,38.42810458,10.00738087
98.6,61.42810458,10.0188493
98.65,51.42810458,10.01321552
98.7,46.42810458,10.01077204
98.75,61.42810458,10.0188493
98.8,35.42810458,10.00627378
98.85,34.42810458,10.00592472
98.9,36.42810458,10.00663283
98.95,49.42810458,10.01220824
99,47.42810458,10.01124081
99.05,54.42810458,10.01480114
99.1,52.42810458,10.0137341
99.15,47.42810458,10.01124081
99.2,47.42810458,10.01124081
99.25,41.42810458,10.00857776
99.3,58.42810458,10.01705467
99.35,35.42810458,10.00627378
99.4,58.42810458,10.01705467
99.45,44.42810458,10.00986442
99.5,49.42810458,10.01220824
99.55,39.42810458,10.00776986
99.6,47.42810458,10.01124081
99.65,53.42810458,10.01426264
99.7,63.42810458,10.02009543
99.75,74.42810458,10.02765946
99.8,31.42810458,10.00493741
99.85,53.42810458,10.01426264
99.9,66.42810458,10.02203918
99.95,58.42810458,10.01705467
100,26.42810458,10.00349161
100.05,56.42810458,10.015908
100.1,43.42810458,10.00942556
100.15,43.42810458,10.00942556
100.2,59.42810458,10.01764293
100.25,68.42810458,10.02338469
100.3,60.42810458,10.01824114
100.35,43.42810458,10.00942556
100.4,40.42810458,10.00816882
100.45,43.42810458,10.00942556
100.5,39.42810458,10.00776986
100.55,45.42810458,10.01031325
100.6,30.42810458,10.00462828
100.65,68.42810458,10.02338469
100.7,58.42810458,10.01705467
100.75,50.42810458,10.0127069
100.8,41.42810458,10.00857776
100.85,42.42810458,10.00899667
100.9,30.42810458,10.00462828
100.95,34.42810458,10.00592472
101,49.42810458,10.01220824
101.05,45.42810458,10.01031325
101.1,52.42810458,10.0137341
101.15,41.42810458,10.00857776
101.2,55.42810458,10.01534959
101.25,39.42810458,10.00776986
101.3,55.42810458,10.01534959
101.35,38.42810458,10.00738087
101.4,61.42810458,10.0188493
101.45,59.42810458,10.01764293
101.5,44.42810458,10.00986442
101.55,40.42810458,10.00816882
101.6,46.42810458,10.01077204
101.65,29.42810458,10.00432913
101.7,54.42810458,10.01480114
101.75,34.42810458,10.00592472
101.8,66.42810458,10.02203918
101.85,57.42810458,10.01647636
101.9,38.42810458,10.00738087
101.95,43.42810458,10.00942556
102,57.42810458,10.01647636
102.05,61.42810458,10.0188493
102.1,36.42810458,10.00663283
102.15,55.42810458,10.01534959
102.2,55.42810458,10.01534959
102.25,48.42810458,10.01171954
102.3,46.42810458,10.01077204
102.35,43.42810458,10.00942556
102.4,48.42810458,10.01171954
102.45,43.42810458,10.00942556
102.5,53.42810458,10.01426264
102.55,52.42810458,10.0137341
102.6,51.42810458,10.01321552
102.65,47.42810458,10.01124081
102.7,63.42810458,10.02009543
102.75,53.42810458,10.01426264
102.8,37.42810458,10.00700186
102.85,48.42810458,10.01171954
102.9,32.42810458,10.00525653
102.95,49.42810458,10.01220824
103,44.42810458,10.00986442
103.05,47.42810458,10.01124081
103.1,47.42810458,10.01124081
103.15,54.42810458,10.01480114
103.2,44.42810458,10.00986442
103.25,55.42810458,10.01534959
103.3,47.42810458,10.01124081
103.35,40.42810458,10.00816882
103.4,35.42810458,10.00627378
103.45,61.42810458,10.0188493
103.5,52.42810458,10.0137341
103.55,63.42810458,10.02009543
103.6,44.42810458,10.00986442
103.65,44.42810458,10.00986442
103.7,59.42810458,10.01764293
103.75,47.42810458,10.01124081
103.8,34.42810458,10.00592472
103.85,56.42810458,10.015908
103.9,44.42810458,10.00986442
103.95,60.42810458,10.01824114
104,36.42810458,10.00663283
104.05,34.42810458,10.00592472
104.1,22.42810458,10.00251478
104.15,54.42810458,10.01480114
104.2,61.42810458,10.0188493
104.25,49.42810458,10.01220824
104.3,56.42810458,10.015908
104.35,38.42810458,10.00738087
104.4,55.42810458,10.01534959
104.45,29.42810458,10.00432913
104.5,32.42810458,10.00525653
104.55,29.42810458,10.00432913
104.6,34.42810458,10.00592472
104.65,33.42810458,10.00558563
104.7,48.42810458,10.01171954
104.75,37.42810458,10.00700186
104.8,37.42810458,10.00700186
104.85,51.42810458,10.01321552
104.9,41.42810458,10.00857776
104.95,60.42810458,10.01824114
105,52.42810458,10.0137341
105.05,32.42810458,10.00525653
105.1,57.42810458,10.01647636
105.15,46.42810458,10.01077204
105.2,50.42810458,10.0127069
105.25,46.42810458,10.01077204
105.3,39.42810458,10.00776986
105.35,51.42810458,10.01321552
105.4,33.42810458,10.00558563
105.45,42.42810458,10.00899667
105.5,45.42810458,10.01031325
105.55,43.42810458,10.00942556
105.6,42.42810458,10.00899667
105.65,63.42810458,10.02009543
105.7,48.42810458,10.01171954
105.75,36.42810458,10.00663283
105.8,52.42810458,10.0137341
105.85,51.42810458,10.01321552
105.9,51.42810458,10.01321552
105.95,38.42810458,10.00738087
106,43.42810458,10.00942556
106.05,58.42810458,10.01705467
106.1,53.42810458,10.01426264
106.15,52.42810458,10.0137341
106.2,34.42810458,10.00592472
106.25,57.42810458,10.01647636
106.3,27.42810458,10.0037608
106.35,41.42810458,10.00857776
106.4,18.42810458,10.00169783
106.45,33.42810458,10.00558563
106.5,33.42810458,10.00558563
106.55,34.42810458,10.00592472
106.6,64.42810458,10.02073341
106.65,35.42810458,10.00627378
106.7,57.42810458,10.01647636
106.75,34.42810458,10.00592472
106.8,45.42810458,10.01031325
106.85,36.42810458,10.00663283
106.9,69.42810458,10.02407233
106.95,55.42810458,10.01534959
107,37.42810458,10.00700186
107.05,59.42810458,10.01764293
107.1,37.42810458,10.00700186
107.15,37.42810458,10.00700186
107.2,41.42810458,10.00857776
107.25,40.42810458,10.00816882
107.3,49.42810458,10.01220824
107.35,24.42810458,10.00298322
107.4,47.42810458,10.01124081
107.45,44.42810458,10.00986442
107.5,72.42810458,10.02619484
107.55,30.42810458,10.00462828
107.6,31.42810458,10.00493741
107.65,31.42810458,10.00493741
107.7,51.42810458,10.01321552
107.75,30.42810458,10.00462828
107.8,46.42810458,10.01077204
107.85,31.42810458,10.00493741
107.9,37.42810458,10.00700186
107.95,27.42810458,10.0037608
108,47.42810458,10.01124081
108.05,30.42810458,10.00462828
108.1,39.42810458,10.00776986
108.15,48.42810458,10.01171954
108.2,60.42810458,10.01824114
108.25,41.42810458,10.00857776
108.3,53.42810458,10.01426264
108.35,59.42810458,10.01764293
108.4,50.42810458,10.0127069
108.45,40.42810458,10.00816882
108.5,63.42810458,10.02009543
108.55,26.42810458,10.00349161
108.6,41.42810458,10.00857776
108.65,29.42810458,10.00432913
108.7,28.42810458,10.00403997
108.75,43.42810458,10.00942556
108.8,56.42810458,10.015908
108.85,47.42810458,10.01124081
108.9,44.42810458,10.00986442
108.95,53.42810458,10.01426264
109,33.42810458,10.00558563
109.05,41.42810458,10.00857776
109.1,51.42810458,10.01321552
109.15,29.42810458,10.00432913
109.2,32.42810458,10.00525653
109.25,39.42810458,10.00776986
109.3,37.42810458,10.00700186
109.35,45.42810458,10.01031325
109.4,56.42810458,10.015908
109.45,38.42810458,10.00738087
109.5,48.42810458,10.01171954
109.55,49.42810458,10.01220824
109.6,49.42810458,10.01220824
109.65,55.42810458,10.01534959
109.7,45.42810458,10.01031325
109.75,31.42810458,10.00493741
109.8,45.42810458,10.01031325
109.85,45.42810458,10.01031325
109.9,43.42810458,10.00942556
109.95,56.42810458,10.015908
110,44.42810458,10.00986442
110.05,37.42810458,10.00700186
110.1,31.42810458,10.00493741
110.15,37.42810458,10.00700186
110.2,50.42810458,10.0127069
110.25,58.42810458,10.01705467
110.3,35.42810458,10.00627378
110.35,42.42810458,10.00899667
110.4,44.42810458,10.00986442
110.45,27.42810458,10.0037608
110.5,49.42810458,10.01220824
110.55,31.42810458,10.00493741
110.6,40.42810458,10.00816882
110.65,32.42810458,10.00525653
110.7,39.42810458,10.00776986
110.75,35.42810458,10.00627378
110.8,43.42810458,10.00942556
110.85,31.42810458,10.00493741
110.9,48.42810458,10.01171954
110.95,39.42810458,10.00776986
111,39.42810458,10.00776986
111.05,53.42810458,10.01426264
111.1,26.42810458,10.00349161
111.15,39.42810458,10.00776986
111.2,50.42810458,10.0127069
111.25,29.42810458,10.00432913
111.3,48.42810458,10.01171954
111.35,26.42810458,10.00349161
111.4,25.42810458,10.00323242
111.45,33.42810458,10.00558563
111.5,42.42810458,10.00899667
111.55,45.42810458,10.01031325
111.6,40.42810458,10.00816882
111.65,48.42810458,10.01171954
111.7,58.42810458,10.01705467
111.75,47.42810458,10.01124081
111.8,37.42810458,10.00700186
111.85,41.42810458,10.00857776
111.9,41.42810458,10.00857776
111.95,45.42810458,10.01031325
112,35.42810458,10.00627378
112.05,54.42810458,10.01480114
112.1,37.42810458,10.00700186
112.15,37.42810458,10.00700186
112.2,19.42810458,10.00188708
112.25,31.42810458,10.00493741
112.3,43.42810458,10.00942556
112.35,38.42810458,10.00738087
112.4,20.42810458,10.00208632
112.45,52.42810458,10.0137341
112.5,35.42810458,10.00627378
112.55,27.42810458,10.0037608
112.6,31.42810458,10.00493741
112.65,32.42810458,10.00525653
112.7,36.42810458,10.00663283
112.75,49.42810458,10.01220824
112.8,19.42810458,10.00188708
112.85,45.42810458,10.01031325
112.9,34.42810458,10.00592472
112.95,52.42810458,10.0137341
113,38.42810458,10.00738087
113.05,38.42810458,10.00738087
113.1,35.42810458,10.00627378
113.15,22.42810458,10.00251478
113.2,39.42810458,10.00776986
113.25,41.42810458,10.00857776
113.3,28.42810458,10.00403997
113.35,32.42810458,10.00525653
113.4,44.42810458,10.00986442
113.45,43.42810458,10.00942556
113.5,39.42810458,10.00776986
113.55,39.42810458,10.00776986
113.6,40.42810458,10.00816882
113.65,35.42810458,10.00627378
113.7,47.42810458,10.01124081
113.75,37.42810458,10.00700186
113.8,27.42810458,10.0037608
113.85,39.42810458,10.00776986
113.9,36.42810458,10.00663283
113.95,41.42810458,10.00857776
114,40.42810458,10.00816882
114.05,45.42810458,10.01031325
114.1,45.42810458,10.01031325
114.15,42.42810458,10.00899667
114.2,44.42810458,10.00986442
114.25,35.42810458,10.00627378
114.3,42.42810458,10.00899667
114.35,42.42810458,10.00899667
114.4,24.42810458,10.00298322
114.45,39.42810458,10.00776986
114.5,49.42810458,10.01220824
114.55,50.42810458,10.0127069
114.6,39.42810458,10.00776986
114.65,22.42810458,10.00251478
114.7,51.42810458,10.01321552
114.75,39.42810458,10.00776986
114.8,36.42810458,10.00663283
114.85,26.42810458,10.00349161
114.9,33.42810458,10.00558563
114.95,69.42810458,10.02407233
115,22.42810458,10.00251478
115.05,43.42810458,10.00942556
115.1,41.42810458,10.00857776
115.15,35.42810458,10.00627378
115.2,34.42810458,10.00592472
115.25,48.42810458,10.01171954
115.3,44.42810458,10.00986442
115.35,47.42810458,10.01124081
115.4,32.42810458,10.00525653
115.45,33.42810458,10.00558563
115.5,41.42810458,10.00857776
115.55,36.42810458,10.00663283
115.6,32.42810458,10.00525653
115.65,49.42810458,10.01220824
115.7,32.42810458,10.00525653
115.75,43.42810458,10.00942556
115.8,54.42810458,10.01480114
115.85,26.42810458,10.00349161
115.9,43.42810458,10.00942556
115.95,26.42810458,10.00349161
116,37.42810458,10.00700186
116.05,34.42810458,10.00592472
116.1,43.42810458,10.00942556
116.15,27.42810458,10.0037608
116.2,39.42810458,10.00776986
116.25,49.42810458,10.01220824
116.3,36.42810458,10.00663283
116.35,50.42810458,10.0127069
116.4,35.42810458,10.00627378
116.45,34.42810458,10.00592472
116.5,37.42810458,10.00700186
116.55,31.42810458,10.00493741
116.6,14.42810458,10.0010408
116.65,46.42810458,10.01077204
116.7,47.42810458,10.01124081
116.75,29.42810458,10.00432913
116.8,40.42810458,10.00816882
116.85,41.42810458,10.00857776
116.9,30.42810458,10.00462828
116.95,38.42810458,10.00738087
117,44.42810458,10.00986442
117.05,41.42810458,10.00857776
117.1,42.42810458,10.00899667
117.15,20.42810458,10.00208632
117.2,57.42810458,10.01647636
117.25,52.42810458,10.0137341
117.3,31.42810458,10.00493741
117.35,31.42810458,10.00493741
117.4,39.42810458,10.00776986
117.45,42.42810458,10.00899667
117.5,28.42810458,10.00403997
117.55,43.42810458,10.00942556
117.6,29.42810458,10.00432913
117.65,26.42810458,10.00349161
117.7,56.42810458,10.015908
117.75,48.42810458,10.01171954
117.8,25.42810458,10.00323242
117.85,35.42810458,10.00627378
117.9,36.42810458,10.00663283
117.95,33.42810458,10.00558563
118,31.42810458,10.00493741
118.05,35.42810458,10.00627378
118.1,36.42810458,10.00663283
118.15,40.42810458,10.00816882
118.2,40.42810458,10.00816882
118.25,40.42810458,10.00816882
118.3,50.42810458,10.0127069
118.35,50.42810458,10.0127069
118.4,29.42810458,10.00432913
118.45,34.42810458,10.00592472
118.5,56.42810458,10.015908
118.55,40.42810458,10.00816882
118.6,18.42810458,10.00169783
118.65,29.42810458,10.00432913
118.7,28.42810458,10.00403997
118.75,34.42810458,10.00592472
118.8,43.42810458,10.00942556
118.85,28.42810458,10.00403997
118.9,34.42810458,10.00592472
118.95,54.42810458,10.01480114
119,31.42810458,10.00493741
119.05,19.42810458,10.00188708
119.1,43.42810458,10.00942556
119.15,34.42810458,10.00592472
119.2,29.42810458,10.00432913
119.25,34.42810458,10.00592472
119.3,41.42810458,10.00857776
119.35,34.42810458,10.00592472
119.4,38.42810458,10.00738087
119.45,31.42810458,10.00493741
119.5,32.42810458,10.00525653
119.55,51.42810458,10.01321552
119.6,28.42810458,10.00403997
119.65,43.42810458,10.00942556
119.7,38.42810458,10.00738087
119.75,25.42810458,10.00323242
119.8,37.42810458,10.00700186
119.85,38.42810458,10.00738087
119.9,29.42810458,10.00432913
119.95,28.42810458,10.00403997
120,38.42810458,10.00738087
120.05,19.42810458,10.00188708
120.1,28.42810458,10.00403997
120.15,34.42810458,10.00592472
120.2,36.42810458,10.00663283
120.25,32.42810458,10.00525653
120.3,32.42810458,10.00525653
120.35,27.42810458,10.0037608
120.4,41.42810458,10.00857776
120.45,30.42810458,10.00462828
120.5,32.42810458,10.00525653
120.55,37.42810458,10.00700186
120.6,24.42810458,10.00298322
120.65,37.42810458,10.00700186
120.7,26.42810458,10.00349161
120.75,41.42810458,10.00857776
120.8,14.42810458,10.0010408
120.85,42.42810458,10.00899667
120.9,33.42810458,10.00558563
120.95,41.42810458,10.00857776
121,41.42810458,10.00857776
121.05,34.42810458,10.00592472
121.1,48.42810458,10.01171954
121.15,33.42810458,10.00558563
121.2,25.42810458,10.00323242
121.25,33.42810458,10.00558563
121.3,30.42810458,10.00462828
121.35,30.42810458,10.00462828
121.4,41.42810458,10.00857776
121.45,46.42810458,10.01077204
121.5,37.42810458,10.00700186
121.55,25.42810458,10.00323242
121.6,40.42810458,10.00816882
121.65,40.42810458,10.00816882
121.7,37.42810458,10.00700186
121.75,54.42810458,10.01480114
121.8,32.42810458,10.00525653
121.85,28.42810458,10.00403997
121.9,28.42810458,10.00403997
121.95,28.42810458,10.00403997
122,30.42810458,10.00462828
122.05,42.42810458,10.00899667
122.1,33.42810458,10.00558563
122.15,20.42810458,10.00208632
122.2,30.42810458,10.00462828
122.25,32.42810458,10.00525653
122.3,39.42810458,10.00776986
122.35,35.42810458,10.00627378
122.4,42.42810458,10.00899667
122.45,39.42810458,10.00776986
122.5,36.42810458,10.00663283
122.55,51.42810458,10.01321552
122.6,39.42810458,10.00776986
122.65,23.42810458,10.002744
122.7,22.42810458,10.00251478
122.75,30.42810458,10.00462828
122.8,27.42810458,10.0037608
122.85,30.42810458,10.00462828
122.9,35.42810458,10.00627378
122.95,37.42810458,10.00700186
123,23.42810458,10.002744
123.05,40.42810458,10.00816882
123.1,27.42810458,10.0037608
123.15,41.42810458,10.00857776
123.2,37.42810458,10.00700186
123.25,40.42810458,10.00816882
123.3,36.42810458,10.00663283
123.35,32.42810458,10.00525653
123.4,27.42810458,10.0037608
123.45,23.42810458,10.002744
123.5,44.42810458,10.00986442
123.55,30.42810458,10.00462828
123.6,31.42810458,10.00493741
123.65,38.42810458,10.00738087
123.7,18.42810458,10.00169783
123.75,43.42810458,10.00942556
123.8,37.42810458,10.00700186
123.85,21.42810458,10.00229555
123.9,29.42810458,10.00432913
123.95,25.42810458,10.00323242
124,29.42810458,10.00432913
124.05,27.42810458,10.0037608
124.1,38.42810458,10.00738087
124.15,31.42810458,10.00493741
124.2,38.42810458,10.00738087
124.25,30.42810458,10.00462828
124.3,28.42810458,10.00403997
124.35,43.42810458,10.00942556
124.4,19.42810458,10.00188708
124.45,59.42810458,10.01764293
124.5,36.42810458,10.00663283
124.55,17.42810458,10.00151858
124.6,33.42810458,10.00558563
124.65,24.42810458,10.00298322
124.7,39.42810458,10.00776986
124.75,31.42810458,10.00493741
124.8,25.42810458,10.00323242
124.85,31.42810458,10.00493741
124.9,33.42810458,10.00558563
124.95,26.42810458,10.00349161
125,40.42810458,10.00816882
125.05,31.42810458,10.00493741
125.1,18.42810458,10.00169783
125.15,39.42810458,10.00776986
125.2,33.42810458,10.00558563
125.25,23.42810458,10.002744
125.3,37.42810458,10.00700186
125.35,39.42810458,10.00776986
125.4,37.42810458,10.00700186
125.45,42.42810458,10.00899667
125.5,31.42810458,10.00493741
125.55,17.42810458,10.00151858
125.6,19.42810458,10.00188708
125.65,35.42810458,10.00627378
125.7,30.42810458,10.00462828
125.75,39.42810458,10.00776986
125.8,26.42810458,10.00349161
125.85,37.42810458,10.00700186
125.9,27.42810458,10.0037608
125.95,34.42810458,10.00592472
126,41.42810458,10.00857776
126.05,32.42810458,10.00525653
126.1,48.42810458,10.01171954
126.15,27.42810458,10.0037608
126.2,26.42810458,10.00349161
126.25,35.42810458,10.00627378
126.3,33.42810458,10.00558563
126.35,47.42810458,10.01124081
126.4,19.42810458,10.00188708
126.45,33.42810458,10.00558563
126.5,29.42810458,10.00432913
126.55,37.42810458,10.00700186
126.6,33.42810458,10.00558563
126.65,9.428104575,10.00044444
126.7,28.42810458,10.00403997
126.75,42.42810458,10.00899667
126.8,36.42810458,10.00663283
126.85,47.42810458,10.01124081
126.9,45.42810458,10.01031325
126.95,46.42810458,10.01077204
127,49.42810458,10.01220824
127.05,37.42810458,10.00700186
127.1,27.42810458,10.0037608
127.15,25.42810458,10.00323242
127.2,45.42810458,10.01031325
127.25,28.42810458,10.00403997
127.3,38.42810458,10.00738087
127.35,28.42810458,10.00403997
127.4,31.42810458,10.00493741
127.45,14.42810458,10.0010408
127.5,14.42810458,10.0010408
127.55,30.42810458,10.00462828
127.6,30.42810458,10.00462828
127.65,38.42810458,10.00738087
127.7,30.42810458,10.00462828
127.75,24.42810458,10.00298322
127.8,19.42810458,10.00188708
127.85,30.42810458,10.00462828
127.9,8.428104575,10.00035516
127.95,16.42810458,10.00134932
128,36.42810458,10.00663283
128.05,33.42810458,10.00558563
128.1,14.42810458,10.0010408
128.15,34.42810458,10.00592472
128.2,39.42810458,10.00776986
128.25,40.42810458,10.00816882
128.3,16.42810458,10.00134932
128.35,32.42810458,10.00525653
128.4,48.42810458,10.01171954
128.45,57.42810458,10.01647636
128.5,28.42810458,10.00403997
128.55,35.42810458,10.00627378
128.6,38.42810458,10.00738087
128.65,30.42810458,10.00462828
128.7,32.42810458,10.00525653
128.75,47.42810458,10.01124081
128.8,26.42810458,10.00349161
128.85,22.42810458,10.00251478
128.9,27.42810458,10.0037608
128.95,32.42810458,10.00525653
129,31.42810458,10.00493741
129.05,27.42810458,10.0037608
129.1,35.42810458,10.00627378
129.15,38.42810458,10.00738087
129.2,30.42810458,10.00462828
129.25,29.42810458,10.00432913
129.3,31.42810458,10.00493741
129.35,14.42810458,10.0010408
129.4,36.42810458,10.00663283
129.45,28.42810458,10.00403997
129.5,30.42810458,10.00462828
129.55,39.42810458,10.00776986
129.6,25.42810458,10.00323242
129.65,42.42810458,10.00899667
129.7,22.42810458,10.00251478
129.75,50.42810458,10.0127069
129.8,20.42810458,10.00208632
129.85,33.42810458,10.00558563
129.9,35.42810458,10.00627378
129.95,35.42810458,10.00627378
130,31.42810458,10.00493741
130.05,24.42810458,10.00298322
130.1,46.42810458,10.01077204
130.15,28.42810458,10.00403997
130.2,32.42810458,10.00525653
130.25,27.42810458,10.0037608
130.3,19.42810458,10.00188708
130.35,28.42810458,10.00403997
130.4,38.42810458,10.00738087
130.45,15.42810458,10.00119006
130.5,13.42810458,10.00090153
130.55,34.42810458,10.00592472
130.6,43.42810458,10.00942556
130.65,33.42810458,10.00558563
130.7,26.42810458,10.00349161
130.75,29.42810458,10.00432913
130.8,34.42810458,10.00592472
130.85,24.42810458,10.00298322
130.9,30.42810458,10.00462828
130.95,23.42810458,10.002744
131,27.42810458,10.0037608
131.05,37.42810458,10.00700186
131.1,28.42810458,10.00403997
131.15,25.42810458,10.00323242
131.2,40.42810458,10.00816882
131.25,17.42810458,10.00151858
131.3,24.42810458,10.00298322
131.35,41.42810458,10.00857776
131.4,25.42810458,10.00323242
131.45,41.42810458,10.00857776
131.5,39.42810458,10.00776986
131.55,32.42810458,10.00525653
131.6,28.42810458,10.00403997
131.65,28.42810458,10.00403997
131.7,31.42810458,10.00493741
131.75,12.42810458,10.00077226
131.8,26.42810458,10.00349161
131.85,30.42810458,10.00462828
131.9,34.42810458,10.00592472
131.95,54.42810458,10.01480114
132,22.42810458,10.00251478
132.05,15.42810458,10.00119006
132.1,36.42810458,10.00663283
132.15,35.42810458,10.00627378
132.2,26.42810458,10.00349161
132.25,35.42810458,10.00627378
132.3,35.42810458,10.00627378
132.35,18.42810458,10.00169783
132.4,19.42810458,10.00188708
132.45,23.42810458,10.002744
132.5,43.42810458,10.00942556
132.55,28.42810458,10.00403997
132.6,13.42810458,10.00090153
132.65,14.42810458,10.0010408
132.7,29.42810458,10.00432913
132.75,35.42810458,10.00627378
132.8,30.42810458,10.00462828
132.85,38.42810458,10.00738087
132.9,38.42810458,10.00738087
132.95,26.42810458,10.00349161
133,33.42810458,10.00558563
133.05,29.42810458,10.00432913
133.1,29.42810458,10.00432913
133.15,30.42810458,10.00462828
133.2,36.42810458,10.00663283
133.25,16.42810458,10.00134932
133.3,18.42810458,10.00169783
133.35,34.42810458,10.00592472
133.4,40.42810458,10.00816882
133.45,31.42810458,10.00493741
133.5,32.42810458,10.00525653
133.55,24.42810458,10.00298322
133.6,47.42810458,10.01124081
133.65,23.42810458,10.002744
133.7,34.42810458,10.00592472
133.75,19.42810458,10.00188708
133.8,19.42810458,10.00188708
133.85,24.42810458,10.00298322
133.9,19.42810458,10.00188708
133.95,43.42810458,10.00942556
134,45.42810458,10.01031325
134.05,52.42810458,10.0137341
134.1,43.42810458,10.00942556
134.15,30.42810458,10.00462828
134.2,21.42810458,10.00229555
134.25,22.42810458,10.00251478
134.3,39.42810458,10.00776986
134.35,18.42810458,10.00169783
134.4,28.42810458,10.00403997
134.45,28.42810458,10.00403997
134.5,33.42810458,10.00558563
134.55,7.428104575,10.00027588
134.6,25.42810458,10.00323242
134.65,23.42810458,10.002744
134.7,34.42810458,10.00592472
134.75,25.42810458,10.00323242
134.8,43.42810458,10.00942556
134.85,34.42810458,10.00592472
134.9,48.42810458,10.01171954
134.95,15.42810458,10.00119006
135,42.42810458,10.00899667
135.05,31.42810458,10.00493741
135.1,37.42810458,10.00700186
135.15,25.42810458,10.00323242
135.2,26.42810458,10.00349161
135.25,11.42810458,10.00065299
135.3,23.42810458,10.002744
135.35,21.42810458,10.00229555
135.4,45.42810458,10.01031325
135.45,20.42810458,10.00208632
135.5,29.42810458,10.00432913
135.55,14.42810458,10.0010408
135.6,33.42810458,10.00558563
135.65,43.42810458,10.00942556
135.7,28.42810458,10.00403997
135.75,27.42810458,10.0037608
135.8,27.42810458,10.0037608
135.85,15.42810458,10.00119006
135.9,31.42810458,10.00493741
135.95,33.42810458,10.00558563
136,36.42810458,10.00663283
136.05,4.428104575,10.00009804
136.1,23.42810458,10.002744
136.15,25.42810458,10.00323242
136.2,37.42810458,10.00700186
136.25,19.42810458,10.00188708
136.3,8.428104575,10.00035516
136.35,35.42810458,10.00627378
136.4,25.42810458,10.00323242
136.45,31.42810458,10.00493741
136.5,39.42810458,10.00776986
136.55,19.42810458,10.00188708
136.6,11.42810458,10.00065299
136.65,24.42810458,10.00298322
136.7,34.42810458,10.00592472
136.75,31.42810458,10.00493741
136.8,35.42810458,10.00627378
136.85,30.42810458,10.00462828
136.9,28.42810458,10.00403997
136.95,32.42810458,10.00525653
137,35.42810458,10.00627378
137.05,45.42810458,10.01031325
137.1,21.42810458,10.00229555
137.15,4.428104575,10.00009804
137.2,36.42810458,10.00663283
137.25,12.42810458,10.00077226
137.3,21.42810458,10.00229555
137.35,45.42810458,10.01031325
137.4,33.42810458,10.00558563
137.45,30.42810458,10.00462828
137.5,12.42810458,10.00077226
137.55,48.42810458,10.01171954
137.6,39.42810458,10.00776986
137.65,24.42810458,10.00298322
137.7,21.42810458,10.00229555
137.75,23.42810458,10.002744
137.8,29.42810458,10.00432913
137.85,17.42810458,10.00151858
137.9,28.42810458,10.00403997
137.95,23.42810458,10.002744
138,30.42810458,10.00462828
138.05,26.42810458,10.00349161
138.1,27.42810458,10.0037608
138.15,26.42810458,10.00349161
138.2,32.42810458,10.00525653
138.25,19.42810458,10.00188708
138.3,14.42810458,10.0010408
138.35,39.42810458,10.00776986
138.4,24.42810458,10.00298322
138.45,28.42810458,10.00403997
138.5,33.42810458,10.00558563
138.55,40.42810458,10.00816882
138.6,43.42810458,10.00942556
138.65,28.42810458,10.00403997
138.7,30.42810458,10.00462828
138.75,20.42810458,10.00208632
138.8,12.42810458,10.00077226
138.85,29.42810458,10.00432913
138.9,18.42810458,10.00169783
138.95,29.42810458,10.00432913
139,19.42810458,10.00188708
139.05,13.42810458,10.00090153
139.1,27.42810458,10.0037608
139.15,41.42810458,10.00857776
139.2,20.42810458,10.00208632
139.25,38.42810458,10.00738087
139.3,28.42810458,10.00403997
139.35,27.42810458,10.0037608
139.4,30.42810458,10.00462828
139.45,13.42810458,10.00090153
139.5,28.42810458,10.00403997
139.55,20.42810458,10.00208632
139.6,14.42810458,10.0010408
139.65,29.42810458,10.00432913
139.7,21.42810458,10.00229555
139.75,33.42810458,10.00558563
139.8,25.42810458,10.00323242
139.85,26.42810458,10.00349161
139.9,29.42810458,10.00432913
139.95,22.42810458,10.00251478
140,17.42810458,10.00151858
140.05,43.42810458,10.00942556
140.1,26.42810458,10.00349161
140.15,25.42810458,10.00323242
140.2,24.42810458,10.00298322
140.25,41.42810458,10.00857776
140.3,23.42810458,10.002744
140.35,29.42810458,10.00432913
140.4,30.42810458,10.00462828
140.45,23.42810458,10.002744
140.5,21.42810458,10.00229555
140.55,25.42810458,10.00323242
140.6,19.42810458,10.00188708
140.65,14.42810458,10.0010408
140.7,12.42810458,10.00077226
140.75,34.42810458,10.00592472
140.8,33.42810458,10.00558563
140.85,45.42810458,10.01031325
140.9,16.42810458,10.00134932
140.95,13.42810458,10.00090153
141,17.42810458,10.00151858
141.05,18.42810458,10.00169783
141.1,24.42810458,10.00298322
141.15,30.42810458,10.00462828
141.2,26.42810458,10.00349161
141.25,38.42810458,10.00738087
141.3,36.42810458,10.00663283
141.35,33.42810458,10.00558563
141.4,18.42810458,10.00169783
141.45,44.42810458,10.00986442
141.5,36.42810458,10.00663283
141.55,24.42810458,10.00298322
141.6,32.42810458,10.00525653
141.65,20.42810458,10.00208632
141.7,38.42810458,10.00738087
141.75,16.42810458,10.00134932
141.8,18.42810458,10.00169783
141.85,14.42810458,10.0010408
141.9,17.42810458,10.00151858
141.95,38.42810458,10.00738087
142,12.42810458,10.00077226
142.05,33.42810458,10.00558563
142.1,16.42810458,10.00134932
142.15,13.42810458,10.00090153
142.2,21.42810458,10.00229555
142.25,37.42810458,10.00700186
142.3,26.42810458,10.00349161
142.35,23.42810458,10.002744
142.4,10.42810458,10.00054371
142.45,16.42810458,10.00134932
142.5,39.42810458,10.00776986
142.55,24.42810458,10.00298322
142.6,25.42810458,10.00323242
142.65,23.42810458,10.002744
142.7,31.42810458,10.00493741
142.75,40.42810458,10.00816882
142.8,26.42810458,10.00349161
142.85,20.42810458,10.00208632
142.9,28.42810458,10.00403997
142.95,21.42810458,10.00229555
143,27.42810458,10.0037608
143.05,29.42810458,10.00432913
143.1,44.42810458,10.00986442
143.15,31.42810458,10.00493741
143.2,34.42810458,10.00592472
143.25,39.42810458,10.00776986
143.3,39.42810458,10.00776986
143.35,31.42810458,10.00493741
143.4,29.42810458,10.00432913
143.45,21.42810458,10.00229555
143.5,4.428104575,10.00009804
143.55,29.42810458,10.00432913
143.6,25.42810458,10.00323242
143.65,26.42810458,10.00349161
143.7,25.42810458,10.00323242
143.75,21.42810458,10.00229555
143.8,28.42810458,10.00403997
143.85,36.42810458,10.00663283
143.9,22.42810458,10.00251478
143.95,31.42810458,10.00493741
144,26.42810458,10.00349161
144.05,11.42810458,10.00065299
144.1,33.42810458,10.00558563
144.15,28.42810458,10.00403997
144.2,36.42810458,10.00663283
144.25,44.42810458,10.00986442
144.3,26.42810458,10.00349161
144.35,29.42810458,10.00432913
144.4,34.42810458,10.00592472
144.45,17.42810458,10.00151858
144.5,13.42810458,10.00090153
144.55,17.42810458,10.00151858
144.6,29.42810458,10.00432913
144.65,23.42810458,10.002744
144.7,20.42810458,10.00208632
144.75,18.42810458,10.00169783
144.8,25.42810458,10.00323242
144.85,13.42810458,10.00090153
144.9,33.42810458,10.00558563
144.95,30.42810458,10.00462828
145,25.42810458,10.00323242
145.05,15.42810458,10.00119006
145.1,27.42810458,10.0037608
145.15,25.42810458,10.00323242
145.2,21.42810458,10.00229555
145.25,12.42810458,10.00077226
145.3,39.42810458,10.00776986
145.35,16.42810458,10.00134932
145.4,24.42810458,10.00298322
145.45,37.42810458,10.00700186
145.5,27.42810458,10.0037608
145.55,27.42810458,10.0037608
145.6,36.42810458,10.00663283
145.65,26.42810458,10.00349161
145.7,39.42810458,10.00776986
145.75,25.42810458,10.00323242
145.8,28.42810458,10.00403997
145.85,23.42810458,10.002744
145.9,42.42810458,10.00899667
145.95,28.42810458,10.00403997
146,13.42810458,10.00090153
146.05,18.42810458,10.00169783
146.1,33.42810458,10.00558563
146.15,27.42810458,10.0037608
146.2,27.42810458,10.0037608
146.25,21.42810458,10.00229555
146.3,24.42810458,10.00298322
146.35,6.428104575,10.0002066
146.4,26.42810458,10.00349161
146.45,27.42810458,10.0037608
146.5,6.428104575,10.0002066
146.55,12.42810458,10.00077226
146.6,28.42810458,10.00403997
146.65,41.42810458,10.00857776
146.7,38.42810458,10.00738087
146.75,46.42810458,10.01077204
146.8,34.42810458,10.00592472
146.85,25.42810458,10.00323242
146.9,14.42810458,10.0010408
146.95,13.42810458,10.00090153
147,30.42810458,10.00462828
147.05,39.42810458,10.00776986
147.1,28.42810458,10.00403997
147.15,11.42810458,10.00065299
147.2,18.42810458,10.00169783
147.25,14.42810458,10.0010408
147.3,16.42810458,10.00134932
147.35,28.42810458,10.00403997
147.4,34.42810458,10.00592472
147.45,17.42810458,10.00151858
147.5,35.42810458,10.00627378
147.55,37.42810458,10.00700186
147.6,19.42810458,10.00188708
147.65,34.42810458,10.00592472
147.7,24.42810458,10.00298322
147.75,27.42810458,10.0037608
147.8,13.42810458,10.00090153
147.85,10.42810458,10.00054371
147.9,37.42810458,10.00700186
147.95,20.42810458,10.00208632
148,33.42810458,10.00558563
148.05,18.42810458,10.00169783
148.1,19.42810458,10.00188708
148.15,24.42810458,10.00298322
148.2,25.42810458,10.00323242
148.25,19.42810458,10.00188708
148.3,23.42810458,10.002744
148.35,40.42810458,10.00816882
148.4,24.42810458,10.00298322
148.45,30.42810458,10.00462828
148.5,20.42810458,10.00208632
148.55,14.42810458,10.0010408
148.6,12.42810458,10.00077226
148.65,27.42810458,10.0037608
148.7,10.42810458,10.00054371
148.75,30.42810458,10.00462828
148.8,16.42810458,10.00134932
148.85,8.428104575,10.00035516
148.9,6.428104575,10.0002066
148.95,15.42810458,10.00119006
149,27.42810458,10.0037608
149.05,22.42810458,10.00251478
149.1,17.42810458,10.00151858
149.15,14.42810458,10.0010408
149.2,23.42810458,10.002744
149.25,16.42810458,10.00134932
149.3,20.42810458,10.00208632
149.35,23.42810458,10.002744
149.4,18.42810458,10.00169783
149.45,17.42810458,10.00151858
149.5,20.42810458,10.00208632
149.55,18.42810458,10.00169783
149.6,17.42810458,10.00151858
149.65,30.42810458,10.00462828
149.7,47.42810458,10.01124081
149.75,24.42810458,10.00298322
149.8,12.42810458,10.00077226
149.85,37.42810458,10.00700186
149.9,29.42810458,10.00432913
149.95,19.42810458,10.00188708
150,36.42810458,10.00663283
0,1.026188674,0.066426838
0.04,0.835806223,0.043126201
0.08,0.672432111,0.040532441
0.12,0.555650396,0.006712491
0.16,0.501300653,0.003401274
0.2,0.445089704,0.028151396
0.24,0.413624792,0.019493493
0.28,0.396463113,0.043087493
0.32,0.381702288,0.01859856
0.36,0.373374363,0.067286222
0.4,0.361547141,0.048880942
0.44,0.351579692,0.009972977
0.48,0.342110985,0.012147607
0.52,0.332143755,0.020645792
0.56,0.322893018,0.025066489
0.6,0.313203851,0.026627558
0.64,0.303841852,0.05659819
0.68,0.294014189,0.029390309
0.72,0.284195319,0.020646283
0.76,0.277631193,0.015413831
0.8,0.270313828,0.003438978
0.84,0.263790411,0.019566165
0.88,0.257773755,0.021316425
0.92,0.252256985,0.0364224
0.96,0.247450557,0.042686027
1,0.242958013,0.015356624
1.04,0.239189138,0.015239759
1.08,0.236035618,0.007725576
1.12,0.233189027,0.032250008
1.16,0.230521024,0.031886634
1.2,0.227872273,0.017168979
1.24,0.225932943,0.012537942
1.28,0.223698013,0.040819834
1.32,0.221458569,0.033452234
1.36,0.219050505,0.026338983
1.4,0.216596605,0.039190968
1.44,0.214346868,0.021709821
1.48,0.212387227,0.039224027
1.52,0.210995235,0.014294301
1.56,0.209607127,0.011018598
1.6,0.207934445,0.027275386
1.64,0.206438844,0.01600376
1.68,0.20492965,0.022094428
1.72,0.203817057,0.007128429
1.76,0.202582151,0.018509443
1.8,0.201683593,0.017907908
1.84,0.200748762,0.020303413
1.88,0.199453208,0.019070696
1.92,0.197782273,0.0295082
1.96,0.196318486,0.018957946
2,0.19474814,0.033189453
2.04,0.192986284,0.034984289
2.08,0.190953973,0.023553095
2.12,0.189097713,0.02227546
2.16,0.1868544,0.049753615
2.2,0.18406875,0.012498722
2.24,0.181100912,0.017320891
2.28,0.178346944,0.006890396
2.32,0.174853039,0.009035261
2.36,0.171515436,0.018916931
2.4,0.168307715,0.00718199
2.44,0.165589281,0.011331254
2.48,0.163001884,0.04817316
2.52,0.160900746,0.048977039
2.56,0.159513838,0.02143256
2.6,0.158651936,0.036530868
2.64,0.157992859,0.03094353
2.68,0.158285324,0.026461186
2.72,0.159483395,0.02476532
2.76,0.161195886,0.01674467
2.8,0.163058841,0.019524893
2.84,0.165075955,0.00186309
2.88,0.166662652,0.031711016
2.92,0.168342224,0.029773642
2.96,0.170197757,0.03364558
3,0.170834799,0.032973972
3.04,0.171081079,0.035837323
3.08,0.170925811,0.018510748
3.12,0.170802654,0.024365844
3.16,0.170421705,0.014674092
3.2,0.169585828,0.017988526
3.24,0.168338503,0.090196749
3.32,0.166313532,0.053771098
3.4,0.1637754,0.067313639
3.48,0.161263762,0.101938122
3.56,0.159144151,0.128151119
3.64,0.157015292,0.090398205
3.72,0.154859695,0.067318367
3.8,0.153753316,0.055635515
3.88,0.152686091,0.048434398
3.96,0.151333366,0.125142621
4.04,0.150047226,0.072500275
4.12,0.14869541,0.066513532
4.2,0.147494368,0.104344713
4.28,0.146285848,0.102359046
4.36,0.145255658,0.151080854
4.44,0.144437812,0.093794188
4.52,0.143812308,0.086964668
4.6,0.143291651,0.102862049
4.68,0.143120446,0.074100872
4.76,0.142756083,0.048014147
4.84,0.141925787,0.072615814
4.92,0.141049153,0.082694258
5,0.140111797,0.065197739
5.08,0.138890248,0.119170053
5.16,0.138158302,0.084431669
5.24,0.137631359,0.030281922
5.32,0.137425927,0.135462612
5.4,0.137411462,0.087545526
5.48,0.137430018,0.094011203
5.56,0.137333468,0.15634094
5.64,0.137132764,0.098926801
5.72,0.136287354,0.089267504
5.8,0.135182514,0.071927596
5.88,0.134361018,0.13292793
5.96,0.133254644,0.209646111
6.04,0.132142351,0.259325818
6.12,0.132304698,0.065197662
6.2,0.132334353,0.092847869
6.28,0.132149273,0.075956945
6.36,0.13168928,0.073863331
6.44,0.131107914,0.04058842
6.52,0.130259876,0.048911825
6.6,0.128935084,0.161673809
6.68,0.127289824,0.226429348
6.76,0.125879753,0.102388015
6.84,0.124543384,0.186865346
6.92,0.123231616,0.096051646
7,0.122398984,0.10784015
7.08,0.121622489,0.07066945
7.16,0.119703039,0.11511748
7.24,0.117553194,0.092089011
7.32,0.115375137,0.106716459
7.4,0.113112104,0.084879195
7.48,0.111069681,0.159179896
7.56,0.109126803,0.127698249
7.64,0.107779259,0.169884674
7.72,0.106642411,0.142888736
7.8,0.105905259,0.194412753
7.88,0.105329004,0.087883332
7.96,0.104965011,0.197487063
8.04,0.104154817,0.155437277
8.12,0.103603062,0.247501985
8.2,0.10283169,0.103376061
8.28,0.102218232,0.119067991
8.36,0.101486098,0.158906509
8.44,0.100991051,0.151199701
8.52,0.100175451,0.057243538
8.6,0.099231542,0.058767966
8.68,0.097918354,0.058103997
8.76,0.097030151,0.112617471
8.84,0.096214615,0.188778209
8.92,0.095773753,0.048542271
9,0.09538734,0.117187066
9.08,0.095297632,0.159626567
9.16,0.09482465,0.257505926
9.24,0.094139852,0.187652724
9.32,0.093044936,0.113268168
9.4,0.092073193,0.123888214
9.48,0.091855458,0.0480327
9.56,0.091818478,0.148601609
9.64,0.092007177,0.034670366
9.72,0.092628045,0.10089621
9.8,0.09287784,0.189969944
9.88,0.092792287,0.084609192
0,1.019434975,0.031534786
0.04,1.016530846,0.014873435
0.08,1.009046196,0.024423712
0.12,1.000177113,0.028669767
0.16,0.99504485,0.029857158
0.2,0.991117131,0.01465873
0.24,0.990958454,0.024633393
0.28,0.988557107,0.019916638
0.32,0.983439805,0.033545133
0.36,0.981271855,0.032630687
0.4,0.98321962,0.023381097
0.44,0.979423373,0.027616398
0.48,0.975450159,0.035619075
0.52,0.968769142,0.046838303
0.56,0.9660012,0.054203762
0.6,0.965680802,0.038068254
0.64,0.963143293,0.01669746
0.68,0.960196036,0.039397286
0.72,0.96045186,0.035712202
0.76,0.959249569,0.018010518
0.8,0.958532821,0.036334819
0.84,0.956267297,0.020224486
0.88,0.954258916,0.027162698
0.92,0.95190004,0.036197894
0.96,0.949722618,0.039323168
1,0.946435423,0.027316011
1.04,0.944409195,0.035615459
1.08,0.944991422,0.033111926
1.12,0.94830944,0.032938697
1.16,0.948427928,0.038075809
1.2,0.948914863,0.031176782
1.24,0.945641317,0.027361729
1.28,0.948169858,0.021811508
1.32,0.949934425,0.041086286
1.36,0.945101378,0.04204376
1.4,0.94211889,0.045636461
1.44,0.940117508,0.042853921
1.48,0.93656061,0.038014231
1.52,0.936575955,0.029561367
1.56,0.933966123,0.024764531
1.6,0.930858105,0.020913643
1.64,0.929523229,0.030460851
1.68,0.929057872,0.037676314
1.72,0.927930755,0.028553409
1.76,0.928423923,0.025805138
1.8,0.926731068,0.025264863
1.84,0.924497164,0.022661467
1.88,0.922170438,0.037419029
1.92,0.9219992,0.035951873
1.96,0.91862718,0.035656337
2,0.915740633,0.036480132
2.04,0.915205378,0.041099454
2.08,0.916728514,0.021897305
2.12,0.918415718,0.025231835
2.16,0.918667718,0.019510151
2.2,0.91815852,0.039335934
2.24,0.914083951,0.021292134
2.28,0.91381641,0.0141851
2.32,0.910930412,0.034687709
2.36,0.912196633,0.031984948
2.4,0.909711115,0.01436907
2.44,0.90623117,0.045832068
2.48,0.904713624,0.025234953
2.52,0.908079672,0.012338326
2.56,0.908284423,0.020847591
2.6,0.910248777,0.010791988
2.64,0.904750388,0.018234603
2.68,0.904676875,0.017938189
2.72,0.905534635,0.024874882
2.76,0.905578442,0.031564584
2.8,0.902316846,0.035672072
2.84,0.8985453,0.03884774
2.88,0.895187833,0.04157659
2.92,0.894786939,0.025776648
2.96,0.891691351,0.047904871
3,0.887548917,0.029406361
3.04,0.881548755,0.021051232
3.08,0.881449256,0.023367075
3.12,0.88491542,0.040319526
3.2,0.889193552,0.060516798
3.28,0.886549028,0.093797968
3.36,0.889445746,0.054678894
3.44,0.892056965,0.083873482
3.52,0.894801371,0.087917655
3.6,0.8948277,0.090542027
3.68,0.89312603,0.095251693
3.76,0.892154299,0.097763841
3.84,0.89261536,0.079465846
3.92,0.879092883,0.053142647
4,0.871088969,0.058596958
4.08,0.865819241,0.067998443
4.16,0.861420091,0.073962904
4.24,0.85664689,0.068476499
4.32,0.85615157,0.058284193
4.4,0.852660546,0.081942274
4.48,0.85289908,0.086630412
4.56,0.852302559,0.072574528
4.64,0.846498327,0.064737468
4.72,0.836396034,0.055158929
4.8,0.824443555,0.073827481
4.88,0.806989924,0.067190435
4.96,0.793093066,0.058286842
5.04,0.785267481,0.063293037
5.12,0.780146528,0.089928613
5.2,0.776358978,0.065970184
5.28,0.776216952,0.079439755
5.36,0.771665324,0.034183646
5.44,0.766701746,0.056043981
5.52,0.777209401,0.025473865
5.6,0.778045184,0.052332527
5.68,0.772053797,0.047782279
5.76,0.769999051,0.045853532
5.84,0.766236291,0.040473803
5.92,0.765872363,0.031889242
6,0.761890986,0.043319877
6.08,0.752199061,0.048182748
6.16,0.752513811,0.045101422
6.24,0.753209645,0.03384033
6.32,0.751803503,0.034950538
6.4,0.747896353,0.045879966
6.48,0.749038173,0.03436429
6.56,0.756315325,0.0744675
6.64,0.756922129,0.044526261
6.72,0.750340452,0.079005162
6.8,0.750087515,0.07084209
6.88,0.744129572,0.038849577
6.96,0.740630314,0.068933504
7.04,0.732028808,0.043514464
7.12,0.720433433,0.062558679
7.2,0.713675736,0.048054833
7.28,0.7129008,0.039626136
7.36,0.710215384,0.070418635
7.44,0.710037298,0.055787776
7.52,0.709947553,0.039026792
7.6,0.708478972,0.048833192
7.68,0.705487066,0.045063451
7.76,0.700331661,0.079154712
7.84,0.693274837,0.043967828
7.92,0.685314442,0.042609367
8,0.681512212,0.026753725
8.08,0.676111261,0.071676421
8.16,0.675490352,0.035978385
8.24,0.674077976,0.080590164
8.32,0.671310935,0.061904856
8.4,0.670449194,0.036269397
8.48,0.664626536,0.056882772
8.56,0.658046682,0.062822629
8.64,0.655518998,0.061157882
8.72,0.65162279,0.04352281
8.8,0.649258581,0.035433724
8.88,0.645332783,0.047282353
8.96,0.637717814,0.05142053
9.04,0.635405744,0.043007484
9.12,0.631159051,0.051328062
9.2,0.622473782,0.038310058
9.28,0.615045403,0.037582165
9.36,0.610438453,0.050615125
9.44,0.606950787,0.112349819
9.52,0.608482756,0.028130974
9.6,0.604064754,0.052342998
9.68,0.603929281,0.055645031
9.76,0.606736239,0.102018919
9.84,0.608975805,0.037976775
0,1,0.09161685
0.04,0.871803356,0.048780322
0.08,0.825387914,0.009075389
0.12,0.776041337,0.04714085
0.16,0.749949184,0.053397618
0.2,0.729754728,0.076596821
0.24,0.710397917,0.074300378
0.28,0.675877209,0.133046272
0.32,0.6443765,0.016005882
0.36,0.619223536,0.057387629
0.4,0.617102114,0.049991131
0.44,0.599341467,0.049291334
0.48,0.59001054,0.042181417
0.52,0.578400349,0.07210704
0.56,0.573457103,0.025846671
0.6,0.572291049,0.090296457
0.64,0.56871573,0.079735702
0.68,0.562126302,0.042523696
0.72,0.557817001,0.060935048
0.76,0.548872772,0.137352926
0.8,0.544779364,0.081912814
0.84,0.535387741,0.066689507
0.88,0.52576839,0.030189831
0.92,0.518649056,0.023197505
0.96,0.509920721,0.032766977
1,0.499571501,0.047058366
1.04,0.481785023,0.026825982
1.08,0.477993828,0.010534336
1.12,0.468798427,0.055430722
1.16,0.45550574,0.070645089
1.2,0.446118061,0.019185039
1.24,0.430796319,0.058562131
1.28,0.424057747,0.069099282
1.32,0.412456572,0.048329132
1.36,0.41222502,0.047721793
1.4,0.408410294,0.011720992
1.44,0.399481775,0.018559479
1.48,0.393928425,0.053658118
1.52,0.395360892,0.0312918
1.56,0.390686673,0.040004215
1.6,0.387150596,0.053187528
1.64,0.385027382,0.028493984
1.68,0.389101119,0.033445957
1.72,0.388127813,0.021726849
1.76,0.389564241,0.015810363
1.8,0.391557949,0.041779953
1.84,0.392652906,0.031478386
1.88,0.38964665,0.032423773
1.92,0.388893114,0.060226029
1.96,0.390451176,0.023618487
2,0.396381277,0.036350004
2.04,0.391275339,0.051407656
2.08,0.391031987,0.032004281
2.12,0.39091032,0.056377885
2.16,0.391098687,0.057480708
2.2,0.385513917,0.026821308
2.24,0.380443242,0.043267339
2.28,0.378068771,0.052231566
2.32,0.373904719,0.040391835
2.36,0.370819964,0.009812206
2.4,0.370525606,0.045370009
2.44,0.368304273,0.053696221
2.48,0.364234413,0.014810652
2.52,0.356353738,0.017142522
2.56,0.356275256,0.053537651
2.6,0.353559398,0.014527272
2.64,0.348893016,0.035195003
2.68,0.348818462,0.019882407
2.72,0.349756505,0.032897061
2.76,0.350706297,0.070399783
2.8,0.350211839,0.044707537
2.84,0.347441064,0.053125917
2.88,0.343539951,0.024104832
2.92,0.341648272,0.030896724
2.96,0.343096449,0.028206293
3,0.338940219,0.022585932
3.04,0.340197723,0.032794949
3.08,0.336902862,0.027236846
3.12,0.336989462,0.046350408
3.16,0.336725832,0.070304826
3.2,0.332165092,0.029215974
3.28,0.328704953,0.019607718
3.36,0.332284137,0.080070589
3.44,0.33263711,0.056496607
3.52,0.333302471,0.060962928
3.6,0.331820574,0.056081621
3.68,0.326438031,0.064534198
3.76,0.321949024,0.052542158
3.84,0.324439454,0.074569022
3.92,0.321778847,0.109520258
4,0.319347553,0.098566504
4.08,0.317250311,0.059820509
4.16,0.314467657,0.042827415
4.24,0.313372674,0.010910652
4.32,0.311589954,0.078642974
4.4,0.305524843,0.081508995
4.48,0.304190821,0.041813531
4.56,0.30180088,0.107828515
4.64,0.302010513,0.016315564
4.72,0.300752131,0.058733268
4.8,0.298542536,0.087682748
4.88,0.295923333,0.107603524
4.96,0.293157726,0.062810453
5.04,0.293511286,0.058505715
5.12,0.290775012,0.066455651
5.2,0.288572849,0.026497701
5.28,0.286634025,0.033355955
5.36,0.284358668,0.017217875
5.44,0.283222164,0.078352658
5.52,0.281268719,0.077175204
5.6,0.279617645,0.013974755
5.68,0.277522812,0.07056691
5.76,0.276010758,0.027109835
5.84,0.275096263,0.011879744
5.92,0.273179393,0.045118742
6,0.271516138,0.035500922
6.08,0.269082257,0.084461701
6.16,0.267384829,0.040027987
6.24,0.266811419,0.055916673
6.32,0.265090125,0.062815467
6.4,0.26444217,0.024362559
6.48,0.262986005,0.06456163
6.56,0.260929725,0.072258777
6.64,0.258764266,0.02886292
6.72,0.257377219,0.065186468
6.8,0.256599811,0.043316058
6.88,0.256788923,0.072982171
6.96,0.256502594,0.052807114
7.04,0.257161316,0.07297345
7.12,0.256709814,0.061362432
7.2,0.2565253,0.068089861
7.28,0.256729874,0.026668615
7.36,0.257647174,0.06501036
7.44,0.256608559,0.038869129
7.52,0.256547926,0.068067306
7.6,0.25588034,0.067782024
7.68,0.256102382,0.053602001
7.76,0.255500058,0.036288104
7.84,0.255114245,0.032662146
7.92,0.253677588,0.04018339
8,0.253045946,0.04541931
8.08,0.253016439,0.062056151
8.16,0.251008149,0.024123122
8.24,0.250357045,0.019266793
8.32,0.249069483,0.045518415
8.4,0.247035081,0.066454483
8.48,0.247655536,0.046984785
8.56,0.246847049,0.05124453
8.64,0.246654006,0.047479373
8.72,0.245915936,0.084097719
8.8,0.24602611,0.040520271
8.88,0.243608448,0.053820538
8.96,0.242279312,0.08880475
9.04,0.240371615,0.059522597
9.12,0.237142955,0.04312619
9.2,0.236123055,0.054566673
9.28,0.234803841,0.114598343
9.36,0.233386399,0.061619663
9.44,0.232885787,0.038715884
9.52,0.230157928,0.034974348
9.6,0.228961389,0.032773656
9.68,0.22807355,0.060115291
9.76,0.227117436,0.054307567
9.84,0.225321874,0.072401449
9.92,0.225775348,0.061935023
0,0.999857643,0.027403031
0.04,1.00540802,0.012154453
0.08,1.000496258,0.045175169
0.12,1.000085659,0.052846135
0.16,1.011017876,0.04895368
0.2,1.020369677,0.042463489
0.24,1.027424354,0.032799678
0.28,1.033191917,0.016311154
0.32,1.037134692,0.051071309
0.36,1.039431903,0.04972578
0.4,1.034918915,0.055539312
0.44,1.031741848,0.040173124
0.48,1.030259152,0.051123804
0.52,1.028727649,0.002713354
0.56,1.021558999,0.056514842
0.6,1.017681302,0.058404095
0.64,1.015384091,0.036265733
0.68,1.020369589,0.047123519
0.72,1.017469626,0.063394721
0.76,1.009144279,0.076774557
0.8,1.000802489,0.058813832
0.84,1.002659816,0.027011806
0.88,0.999890095,0.026051924
0.92,0.994676563,0.018848413
0.96,0.989853933,0.020909972
1,0.989528021,0.025883047
1.04,0.989462769,0.032405847
1.08,0.986139103,0.049805387
1.12,0.984509809,0.016992441
1.16,0.986937525,0.038341574
1.2,0.992216309,0.036915611
1.24,0.993487065,0.017439693
1.28,0.992688731,0.051636703
1.32,0.990701075,0.018701069
1.36,0.994888239,0.054721605
1.4,0.993030912,0.049899908
1.44,0.993454439,0.045211135
1.48,0.993992027,0.077286576
1.52,0.990244834,0.063846612
1.56,0.989609455,0.056224689
1.6,0.986334685,0.056109494
1.64,0.984770643,0.008874226
1.68,0.989560647,0.046724078
1.72,0.986709492,0.038471758
1.76,0.986008861,0.024672862
1.8,0.987328601,0.00624818
1.84,0.983760458,0.036122908
1.88,0.985878444,0.057084057
1.92,0.987067767,0.05598225
1.96,0.982848064,0.087447956
2,0.979996908,0.085264212
2.04,0.9717041,0.016470707
2.08,0.961847163,0.023592115
2.12,0.954385228,0.044657763
2.16,0.94671153,0.028622174
2.2,0.94115573,0.044487343
2.24,0.935925754,0.031361222
2.28,0.933921741,0.076698467
2.32,0.939379662,0.056660074
2.36,0.93806001,0.063211316
2.4,0.936854418,0.078421177
2.44,0.939281959,0.056347803
2.48,0.934915569,0.0343613
2.52,0.933302719,0.031150777
2.56,0.932455577,0.021109665
2.6,0.920187456,0.058665898
2.64,0.91758069,0.086123964
2.68,0.921116119,0.045362943
2.72,0.91722224,0.024009026
2.76,0.908913163,0.064824828
2.8,0.899121303,0.041490714
2.84,0.88923174,0.040408545
2.88,0.887015963,0.015926521
2.92,0.884425379,0.023047404
2.96,0.872792636,0.047079998
3,0.866634172,0.043735956
3.04,0.866194288,0.047059461
3.08,0.862316765,0.021610583
3.12,0.867280697,0.016567146
3.16,0.863123313,0.051983483
3.2,0.856747472,0.038072609
3.28,0.859514624,0.084182719
3.36,0.861434899,0.047767262
3.44,0.861168245,0.052239218
3.52,0.864678984,0.040236394
3.6,0.858994715,0.018620508
3.68,0.861316675,0.033246229
3.76,0.862558132,0.007308896
3.84,0.857653527,0.020293702
3.92,0.84903204,0.012076991
4,0.847077736,0.028306123
4.08,0.845966621,0.04655076
4.16,0.84424996,0.046453635
4.24,0.838050165,0.045355874
4.32,0.835199349,0.039967971
4.4,0.832693395,0.062786945
4.48,0.830325354,0.010949663
4.56,0.826416992,0.014102216
4.64,0.823612092,0.02879885
4.72,0.824945545,0.057596774
4.8,0.82906094,0.034013418
4.88,0.831260294,0.022126538
4.96,0.828072185,0.047005254
5.04,0.83164342,0.056643657
5.12,0.826347953,0.03457455
5.2,0.819320521,0.034242863
5.28,0.81417062,0.025865308
5.36,0.80923524,0.034288309
5.44,0.804184987,0.039657328
5.52,0.803027874,0.052679576
5.6,0.79944907,0.042626253
5.68,0.799931927,0.016680809
5.76,0.805917118,0.020302835
5.84,0.799908887,0.011991412
5.92,0.795402795,0.005706512
6,0.794728457,0.023364661
6.08,0.793532916,0.020547561
6.16,0.791586264,0.03026672
6.24,0.79259016,0.036055731
6.32,0.781792195,0.036312307
6.4,0.782047241,0.009737987
6.48,0.785939008,0.031650402
6.56,0.783889169,0.042249458
6.64,0.780853144,0.032698266
6.72,0.774982345,0.073764283
6.8,0.77203466,0.03549511
6.88,0.780053784,0.017820708
6.96,0.785740346,0.037863563
7.04,0.78111075,0.057059464
7.12,0.784139074,0.025861229
7.2,0.787325879,0.032168677
7.28,0.787887097,0.03575685
7.36,0.780811939,0.02663721
7.44,0.765527368,0.031382929
7.52,0.75160002,0.024855832
7.6,0.747931288,0.02927922
7.68,0.738835357,0.0151064
7.76,0.731812147,0.045039542
7.84,0.729426694,0.045126013
7.92,0.729201381,0.027942474
8,0.729935213,0.065316681
8.08,0.733640368,0.039543715
8.16,0.734056284,0.065733984
8.24,0.735967353,0.034555041
8.32,0.731804605,0.039498343
8.4,0.731964876,0.036200092
8.48,0.735106571,0.028819145
8.56,0.737962042,0.051642471
8.64,0.731489894,0.049302318
8.72,0.7276399,0.027027404
8.8,0.725018292,0.042414916
8.88,0.728044113,0.064154963
8.96,0.723023351,0.02786047
9.04,0.714675127,0.022313432
9.12,0.712433806,0.020224416
9.2,0.715203778,0.041985031
9.28,0.711799388,0.040898857
9.36,0.708094359,0.057853515
9.44,0.704087526,0.041761696
9.52,0.703145997,0.054295248
9.6,0.704719227,0.043262434
9.68,0.702711176,0.04152331
9.76,0.699652745,0.018327099
9.84,0.698854425,0.057654685
9.92,0.697014184,0.055583586
